,public_date,ticker,roa,intcov_ratio,quick_ratio,intcov,bm,npm,debt_assets,debt_ebitda,inv_turn,cash_ratio,long_term_credit_rating
0,2017-02-28,AAL,0.1571487325582562,5.7982625482625485,0.6653690888119954,3.583011583011583,0.1602664451774262,0.06660029865604779,0.9261809104029333,3.107876930933231,26.259580991313236,0.5043973471741637,BB-
1,2017-02-28,PNW,0.08647788765788242,4.160917752284659,0.417366231845723,3.1487167023138247,0.9161324278031112,0.1263430057375892,0.6915874799029983,3.2224944906630055,7.668622159646447,0.006868809679599922,A-
2,2017-02-28,AMD,-0.01835147744945568,-0.8333333333333334,1.3216939078751857,-2.1858974358974357,0.04027200105631478,-0.1163389513108614,0.8747365251430292,-24.322033898305083,4.006997900629811,0.9390787518573551,CCC+
3,2017-02-28,APD,0.1400377691630821,10.662609871534823,0.8491587108255355,8.235970250169034,0.2505448859958935,0.142315722283541,0.577240824789635,2.274587288485349,6.6100562053774885,0.2176849413978456,A
4,2017-02-28,ABT,0.105949123124594,17.004694835680752,3.654954954954955,5.990610328638498,0.3693287887230853,0.05097587877044071,0.6066342611931796,4.423316582914573,3.222729982118021,2.819069069069069,BBB
5,2017-02-28,ALK,0.2217641709608972,26.654545454545456,0.790138067061144,15.8,0.3101556291861323,0.137244983982465,0.7057819714916683,1.6205576817933296,71.6734693877551,0.6232741617357002,BB+
6,2017-02-28,HON,0.1616245578086641,20.363888888888887,1.1445716735043783,14.358333333333333,0.2252699949670224,0.1223601852323037,0.6389391644812175,1.886736036359287,5.826997496016389,0.4802522809380932,A
7,2017-02-28,AA,0.07381322475480419,2.5167548500881836,0.8823664613404432,0.3227513227513227,0.8784479125551039,-0.01855072463768116,0.6105022050528187,3.500093179276929,4.8611351195620855,0.3922037326468695,BB-
8,2017-02-28,AA,0.06683959703203234,1.4661654135338347,0.7164126196384261,-0.5037593984962406,1.1007061479644038,-0.042927666881305,0.5402305716504391,1.3041516245487366,6.773584905660377,0.3023750443105282,BB-
9,2017-02-28,HES,0.03527763627101375,-8.06766917293233,1.7561083962683253,-14.368421052631579,0.7660191347441133,-1.2876942461150778,0.4552601236854058,6.14259927797834,7.977839335180056,1.2136828076410484,BBB-
10,2017-02-28,PRI,0.03454536566084663,12.766581854937089,,8.647485274127774,0.449143404802839,0.1444383589057616,0.8932266731288022,2.298381909310257,178.66776548151637,,A-
11,2017-02-28,AEP,0.08689037545105585,3.740876305307353,0.5334386186565592,1.6603509527397997,0.950536913086054,0.03744787882857858,0.7255281032714278,4.096759361436034,9.487926475050939,0.05708570225310592,A-
12,2017-02-28,AXP,0.05729246400084979,10.285350318471338,,7.889171974522293,0.2822379298151723,0.1598911982970168,0.8709760656542453,5.733558730504963,3.2889541088580576,,BBB+
13,2017-02-28,AFL,0.03494347379239465,15.996268656716419,,10.921641791044776,0.9041800038350999,0.1188433002592295,0.842226484566974,1.2364475201845444,,,A-
14,2017-02-28,AIG,0.0137217684361143,2.173015873015873,,0.3976190476190476,1.1832864179036306,-0.01417393415376571,0.8457484385787454,4.5900702987697715,,,BBB+
15,2017-02-28,AME,0.1463354992777441,8.90217011776407,1.553464201609405,6.419030589031965,0.3478966478412809,0.1333714574695834,0.5413797338111846,2.324897807617192,4.712207479968804,0.7758840207217118,BBB+
16,2017-02-28,AMGN,0.1608557526038525,7.853174603174603,3.861567297393788,7.128571428571429,0.2993637988848223,0.3358705580444521,0.6151418339216242,2.883,0.7938223938223938,3.3992324169939305,A
17,2017-02-28,ADI,0.1684346190669043,14.0654530442657,5.873174494912726,12.474777606136472,0.267065546317658,0.251844780907515,0.3518898587978989,1.368235843326148,2.673622616682871,5.180248909869798,BBB
18,2017-02-28,AAPL,0.2275973631336323,34.728445747800585,1.2631707534493062,27.52023460410557,0.2617749731031604,0.2073052201102156,0.5903817818384972,1.2164444444444444,55.18713711478338,0.807713767840812,AA+
19,2017-02-28,APA,0.1186625081598607,-1.2542372881355932,1.5002712967986978,-1.9067796610169492,0.3300245507040452,-0.2556362958822433,0.6589990674541498,3.4816625916870416,4.401529636711281,0.7471513836136734,BBB
20,2017-02-28,AMAT,0.1704575862991705,13.929032258064517,1.735407488986784,12.103225806451613,0.2302521608868632,0.1589838337182448,0.505278310940499,1.3120094191522762,3.0641256760236932,1.0322136563876652,A-
21,2017-02-28,ADM,0.06413432424993118,5.313099041533547,0.9271995748880285,5.086261980830671,0.720330154506651,0.02051454784589228,0.5673765998642158,2.704252828716348,6.7660770762562965,0.4498595612237152,A
22,2017-02-28,ASH,0.03246305795880867,0.1964285714285714,1.4777876895628903,-1.6130952380952381,0.4770801567298907,-0.171484375,0.6986752391569232,11.273584905660377,2.461313868613139,0.7784121320249777,BB
23,2017-02-28,ADSK,-0.02479476660806259,,1.6116316068587593,,0.07064997118102821,-0.2026357645989548,0.7355115912125259,-11.443504996156802,,1.3743230430520514,BBB
24,2017-02-28,ADP,0.064453877212962,32.3596256684492,1.097124520981687,23.648395721925134,0.08453346271925176,0.1405775454319144,0.8991914027117217,0.7380493446414803,,0.08462356618775645,AA
25,2017-02-28,ARW,0.08016190216236814,5.502765725080433,1.1153877087649355,4.085982467014965,0.7369567449429625,0.02194099783418952,0.6856606397441822,2.556647082108535,7.771716425832866,0.07987774960974536,BBB-
26,2017-02-28,AVY,0.1822956354556219,9.483464566929134,0.6913635683280945,6.050393700787401,0.1509419849030343,0.05269038034995482,0.7894868528796288,1.662379421221865,8.441571457205853,0.1132564985281645,BBB
27,2017-02-28,BK,0.02387077878415783,,,,0.7680841075083827,0.2262983284420059,0.8813083075188398,4.055990783410138,85.2,,A
28,2017-02-28,BPOP,0.02457629866036049,,,,1.1318512190533727,0.1115420419775535,0.8655524916203049,2.247353821965601,1.2137963859053482,,B+
29,2017-02-28,AVT,0.06270269496579799,5.848819020044111,1.5728663197032389,3.72045121109956,0.7734647287472171,0.01702876182606965,0.5938839124533725,3.97545718614731,5.2661329825070196,0.2554649782029584,BBB-
30,2017-02-28,BDX,0.1274113434215086,5.756476683937824,1.002105982127611,4.391191709844559,0.2152232716158204,0.1054030115146147,0.6973746035475156,3.550468419462073,2.986185508880744,0.3368433035460185,BBB+
31,2017-02-28,BAX,0.1077188466909449,11.401869158878505,1.8746355685131195,47.41121495327103,0.3503707252875049,0.4886352454983764,0.4673871092242378,1.4143365531265888,3.372445616348055,1.0207725947521866,A-
32,2017-02-28,VZ,0.1717605662616096,5.128346456692913,0.8303559657218194,3.584055118110236,0.3147232778080949,0.1041990792189236,0.9015808010484069,2.574511672224869,41.91035044824776,0.09492419248516809,BBB+
33,2017-02-28,BBY,0.1661288264143375,21.945945945945947,0.6686979627989371,15.554054054054054,0.3498694045322909,0.02723548452356868,0.6793566474841375,0.6434372256365233,5.657575324860774,0.4641275465013286,BBB-
34,2017-02-28,BIO,0.07154042702199906,5.81528575334974,2.799705933523154,2.281788351107465,0.5211508010887089,0.01359896565662817,0.3282024898558734,1.6063823494617295,1.5466895196442028,1.7907078388023474,BBB
35,2017-02-28,BA,0.09186301889861989,12.770093457943926,0.3847488730203056,10.149532710280374,0.022429640397547,0.05176005329329287,0.9902552307299132,1.1749704840613933,1.7487618289555142,0.2000438823951809,A
36,2017-02-28,HRB,0.3245662850040157,7.1796061666592825,1.404897680319892,4.966408984184645,0.00517623309285392,0.1182534669379968,1.127376975950287,2.296352583586626,,0.7611972074189952,BBB
37,2017-02-28,BMY,0.1641738599037507,26.819209039548024,1.4096821626512839,26.180790960451976,0.16603951543971,0.2294229680341792,0.515026552348177,1.248464544946957,3.4922826969943137,0.718244542472571,A+
38,2017-02-28,BC,0.1813210712732244,15.936877076411958,0.960099492175355,10.116279069767442,0.296139723656599,0.06113400913445471,0.5615733552531433,0.7580534612748457,4.3666643632091775,0.4864752824126852,BBB-
39,2017-02-28,MTZ,0.1448378814857082,5.4900067016202145,1.5374647317229968,3.5872787479796586,0.4038035999221777,0.025563893374164,0.653286762848666,2.313655582992254,44.06214353022864,0.0461517399016655,BB
40,2017-02-28,CI,0.0716199505358615,14.183266932270916,,8.43824701195219,0.4005106747796698,0.04706564485227387,0.7677729110512129,1.2067146282973622,,,A
41,2017-02-28,CSX,0.1331384043262885,5.853195164075993,1.0196078431372548,3.9602763385146806,0.6379404572554497,0.1548468696359201,0.6697916078387078,2.4078891257995734,16.85336856010568,0.5,BBB+
42,2017-02-28,STZ,0.1392279717828506,6.082954545454545,0.5161513989721837,4.768465909090909,0.2706683660837004,0.1830488360219134,0.605674441652214,3.466977173548171,1.8350949191477277,0.06372868912635615,BBB-
43,2017-02-28,CACI,0.09951168540467835,6.249856557377049,1.5289317468737007,4.213073770491802,0.6456951780378022,0.03713846381227404,0.5866896532882931,3.7852269437043606,,0.09774967138366793,BB+
44,2017-02-28,CAH,0.09164523477110735,13.886363636363637,0.5658606009912486,8.676136363636363,0.2780254782671401,0.01061806406991732,0.8064155111770007,1.7702854393842207,10.85763239173073,0.1157538607508021,A-
45,2017-02-28,CPB,0.1970217640320733,11.130434782608695,0.4523298888672256,6.747826086956522,0.1200668010199983,0.08304020100502513,0.8024410038706455,2.3021684475172846,5.332218506131549,0.124293234548645,BBB+
46,2017-02-28,CSL,0.1850780944203841,18.14329268292683,1.9049659201557936,8.646341463414636,0.3643198506584087,0.06823747075148283,0.3779565283171113,0.8137535816618912,6.488403819918145,0.7503407984420642,BBB
47,2017-02-28,CAT,0.07549559075985143,2.4819494584837547,0.8936552885351293,0.9395306859205776,0.2458875715493397,-0.001738588888600566,0.8231286142642964,6.360539512363825,2.852134978704816,0.2827185060462268,A
48,2017-02-28,JPM,0.02341270414874439,,,,0.7430219716195519,0.2344671330792712,0.8979554968903705,8.737943199858881,5.947884012539185,,A-
49,2017-02-28,CVX,0.05064416997192981,-8.144754316069058,0.761365423942111,0.3399734395750332,0.7324786692100147,-0.00481076372084019,0.4358538592268473,3.4618733113179228,14.339998298306815,0.2202611294635834,AA-
50,2017-02-28,CHDN,0.134470648151172,4.093821510297483,0.5255287331766716,3.473684210526316,0.3376134223591851,0.08260736665138316,0.6961497515968772,3.024942566458812,,0.1773125400555437,BB
51,2017-02-28,CTAS,0.2307138214201872,13.581107480885176,1.0686498775516717,9.310283269897942,0.1903580029692177,0.09819440561249618,0.5330669789494457,1.2576678113501605,3.2972617535280846,0.2884263594955289,BBB+
52,2017-02-28,CHD,0.1938915340843108,26.039285714285715,0.4976544565325881,17.392857142857142,0.221882136011536,0.1314019066158999,0.5457384993454444,1.4580737901293725,6.733934611048478,0.1874438566723226,BBB+
53,2017-02-28,CLX,0.2859599839477154,12.436781609195402,0.6412976629766297,8.505747126436782,0.02255619028790588,0.1111489361702128,0.9374859834043507,1.9065757818765037,6.566078116639915,0.2516912669126691,A-
54,2017-02-28,CLF,0.1910134502635857,1.3581047381546136,1.4185630273587315,1.967581047381546,,0.09159584513692162,1.6915640106034617,5.754191385091566,4.520428289659059,0.8268984914344156,B
55,2017-02-28,KO,0.1320455788411337,13.55163043478261,1.181026684758028,9.86820652173913,0.1508320823523482,0.155913336359076,0.7339291852870402,3.9034158838599486,5.282051282051282,0.836763153927333,AA-
56,2017-02-28,CL,0.3660147003861966,25.574193548387097,0.9582450832072618,16.748387096774195,,0.1606449489963804,0.9985977068382413,1.4824143408214205,4.777541471714164,0.4193645990922844,AA-
57,2017-02-28,CMCSA,0.1525784126728018,5.674044265593562,0.7597399582075691,3.9158283031522467,0.5412832021970687,0.1081427309926247,0.6807756232686981,2.305536671954075,,0.1577896447643371,A-
58,2017-02-28,C,0.01878529906873894,4.073360144224102,,3.075995007627236,1.2494715405496475,0.1813094978562604,0.8738095517101107,13.402592693318828,0.2646011167447532,,BBB+
59,2017-02-28,CMA,0.0197300749024887,,,,0.6528965163527204,0.1611486486486486,0.893173285099619,3.6284114765570328,13.333333333333334,,BBB+
60,2017-02-28,CAR,0.169458854210959,1.7214428857715431,1.0282965478211659,1.3266533066132264,0.8400750678400244,0.01882434461254186,0.9874737856373632,4.148879223820676,,0.277306168647425,BB
61,2017-02-28,CBSH,0.02475915382252566,,,,0.400146006272302,0.2325758746582822,0.9024573674223398,2.9354805001053004,5.491207224334601,,A-
62,2017-02-28,ED,0.07853286047477555,3.5199430199430197,0.7980744210252407,2.7735042735042734,1.0903597301578825,0.1031055900621118,0.7035333126100922,4.292921074043938,24.34833091436865,0.2019255789747593,A-
63,2017-02-28,CAG,0.08301283381731618,3.4555817610062887,0.8303017865243784,1.6521226415094337,0.2784769521772927,0.02014253973264695,0.6881568568826505,4.229454735194365,3.5833495428904873,0.3860577650083169,BBB
64,2017-02-28,CMS,0.1004718554882989,2.9477272727272728,0.6229755178907721,2.2522727272727274,0.5690778735111772,0.08610720425066416,0.8015909721579872,4.759962049335863,6.112535612535613,0.09566854990583804,BBB+
65,2017-02-28,CLR,0.09381752151221456,-1.8572943767508314,0.8593436458660672,-0.2468071699078492,0.3208227076857273,-0.2018302526974816,0.6885269497564978,4.88210167514615,4.326790790635401,0.0178497693569128,BB+
66,2017-02-28,COO,0.1373056739709203,14.255513827244794,0.9632904903486778,10.35189484465688,0.3187428379189399,0.1392693971061829,0.3967639711004536,2.1739753356869724,1.4012357473477048,0.1879318861787102,BB+
67,2017-02-28,TAP,0.04089115714910446,2.430399181166837,0.4994140934283451,11.126407369498464,0.6272834166964782,0.4050562947799386,0.6039159552170135,14.187918674344811,6.8062176165803105,0.1776405384006334,BBB-
68,2017-02-28,GLW,0.09892640753994969,8.774725274725276,2.7542711741185024,21.302197802197803,0.7079285325900752,0.3935037273695421,0.3562493279329008,1.3975644699140402,3.0784313725490198,1.9233006179571066,BBB+
69,2017-02-28,OMF,0.09484672911508717,1.5619158878504673,,1.2511682242990654,1.0267994247994205,0.05512820512820513,0.8308227114716107,7.51291711517761,4.303477344573235,,B
70,2017-02-28,CCK,0.1358886793414547,4.309523809523809,0.5511049723756906,2.9682539682539684,0.07740034100767462,0.05987445678416224,0.9304094176476716,3.68417104276069,5.356387306753458,0.1930248618784531,BB
71,2017-02-28,CMI,0.1517332891026704,20.964285714285715,1.1634682080924856,17.595238095238095,0.3036402097218597,0.0796161973842024,0.522083805209513,0.8115435067774377,4.659977703455964,0.3190751445086705,A+
72,2017-02-28,CFR,0.01803693000462175,,,,0.5103362991436143,0.2697779787554752,0.9005664233445143,2.289074942070662,27.15612353567625,,A-
73,2017-02-28,DHR,0.08762851872644156,16.102494577006507,0.7209339540296772,12.677874186550977,0.4269197841875094,0.1275529545562242,0.490525507061439,2.994337872797384,3.342777544154752,0.1401949374454466,A
74,2017-02-28,CR,0.1384424485937131,10.895890410958904,1.8686635944700463,4.364383561643836,0.2765866117500445,0.04468704512372634,0.6657817969661611,1.5904822876653861,4.6911314984709485,0.9786866359447005,BBB
75,2017-02-28,WEN,0.1075487504153188,2.700945976550931,1.9544464775448647,2.129109248967788,0.2922442645133165,0.09030400900643576,0.8660335276649691,5.8050131938314795,207.92991763227698,1.112008379657599,B
76,2017-02-28,CNA,0.02252448313384113,7.327044025157233,,6.40251572327044,1.0662251514041499,0.09301570113697888,0.783299838864447,2.181964573268921,,,BBB
77,2017-02-28,DAL,0.1696249820393697,15.764172335600907,0.4304744405800905,10.91609977324263,0.3418277713490707,0.1103206438103888,0.7603051052457034,0.8281002936525864,34.11712846347607,0.2132029660738894,BB+
78,2017-02-28,TGT,0.1865363107430539,8.42671009771987,0.3453381932651286,6.322475570032573,0.3094612688147789,0.04640002271726938,0.6914796137407808,1.769031258420911,5.522211032785051,0.2235223460216212,A
79,2017-02-28,DE,0.06839531092306497,3.1364288509195246,,2.987609234381114,0.2405553909477719,0.05859801584249789,0.8871224220180954,8.998461344431833,4.998588892769822,,A
80,2017-02-28,DIS,0.1850759085354442,34.728606356968214,0.8220436441153371,22.980440097799512,0.2824433889848398,0.1629449720872907,0.4773497959082972,1.2256409493783833,12.31187707641196,0.2606866374957927,A
81,2017-02-28,DTE,0.08016058442199481,3.029045643153527,0.8165777595404186,2.800829875518672,0.7505115074519046,0.08165569143932268,0.7035360943790768,4.836617405582923,10.405079365079365,0.04636848584324989,BBB+
82,2017-02-28,DG,0.2081612611030289,20.874195742009725,0.1735611043805526,13.691656640686297,0.3107913833983444,0.05705020012424586,0.5328112700603346,1.2880784733753312,4.441204393781459,0.07545712594082281,BBB
83,2017-02-28,D,0.08077787235347796,3.2159583694709455,0.3356746765249538,2.8412836079791846,0.4824888582850366,0.1808809746954077,0.76483731322441,6.663185874311752,4.505571030640668,0.03216266173752311,BBB+
84,2017-02-28,DOV,0.1215324453982476,5.7020256449732765,0.8857847012706164,4.730852413105476,0.3872431556771445,0.0748993795131302,0.6243822280980676,3.1926339985647796,4.689592693120877,0.1799426691913387,A-
85,2017-02-28,OMC,0.1016783689407877,9.57987601335241,0.8276841601895667,6.477348593228422,0.1322882635604732,0.07450265617601463,0.8764882108662057,2.182335563472065,11.272808149103687,0.2157463118000985,BBB+
86,2017-02-28,DD,0.1291753975101689,10.762162162162163,1.2862762729009778,7.781081081081081,0.1603456147823419,0.1013164270715555,0.7448703833450105,1.6290076335877863,2.361804791331584,0.670675508598404,BBB
87,2017-02-28,DUK,0.07101533178164518,3.2109988776655443,0.3910483940784348,2.43658810325477,1.0247911068575846,0.1125076909554364,0.6908655403318745,5.588065661047027,3.7474086197490455,0.03393645571811964,A-
88,2017-02-28,PKI,0.09619852142218066,7.371628780581777,1.5630665197106182,6.194230398767097,0.3851405185899119,0.1019637280154213,0.4964391796165392,2.5767629235091762,3.8995727973825662,0.5954454674279652,BBB
89,2017-02-28,DNB,0.2174533773534398,7.887005649717514,0.935049504950495,2.911487758945386,,0.0595762164700358,1.4471301828716279,3.3176036109971276,,0.3491089108910891,BBB-
90,2017-02-28,FLS,0.1077809504000551,6.901408450704225,1.1880124368019358,3.2025541679831053,0.2623661974084502,0.0331926905162202,0.6522797251091174,2.9700802738197667,2.724082070296922,0.3115666670626711,BBB
91,2017-02-28,ECL,0.1553341862333285,7.079537491240365,0.9803272173279458,5.3083391730904,0.2301029856515019,0.09348579770086977,0.6197040948816707,2.328748041093505,4.418599497710148,0.1084321388355302,A-
92,2017-02-28,ATO,0.1000608803456595,5.798710287605865,0.3270447368530445,4.078405915480848,0.6959806356414462,0.1398535895405699,0.6494517319012222,3.340703717504262,7.5761995264133075,0.03175890562471123,A
93,2017-02-28,EMR,0.1509737092757714,12.719626168224298,1.1368711185541833,8.714953271028037,0.2205235089266148,0.1146448163321992,0.6259330604382374,1.9223928245667377,4.826938136256852,0.4944176959039844,A
94,2017-02-28,EQT,0.04357315712327177,-1.6890337423312882,2.1519735533903357,-1.6721507786691834,0.6741893295958099,-0.2816448927719623,0.4106318767715626,5.127002236613439,,1.7274010737721217,BBB
95,2017-02-28,EFX,0.2003222053163877,9.342450765864331,0.5342172118132741,6.347921225382932,0.2107891510990896,0.1554262456675888,0.591641656662665,2.3878116343490308,,0.1248809145760559,BBB+
96,2017-02-28,XOM,0.06968962870574691,0.8062015503875969,0.5528359712834292,7.752799310938846,0.5378387219948114,0.0396925849795968,0.47374316559395,1.8397005678884875,10.343687150837988,0.07676644695411226,AA+
97,2017-02-28,NEU,0.3004414431091902,21.607983318439082,1.783397263994026,15.50348525469169,0.09808878117290684,0.1187835181226582,0.6588260959196179,1.250215225679498,3.9956087902609236,0.6522760446722564,BBB+
98,2017-02-28,FMC,0.1070018932708661,6.190582959641256,1.491934362397441,3.7219730941704037,0.2810418834003764,0.0739702656592737,0.6753701562067337,2.838506522717049,2.6174103877103145,0.04463913224864414,BBB
99,2017-02-28,NEE,0.08550953198200288,3.9313815187557184,0.5604908874439051,3.6642268984446478,0.6339424847712141,0.1802537913958527,0.7185225517540254,4.18226200162734,6.892464678178964,0.1468083157798333,A-
100,2017-02-28,FDX,0.1561112799337421,7.8924050632911396,1.4943889421103052,4.9071729957805905,0.3266455564881395,0.03353432198019085,0.6770076106617522,1.898206106870229,82.07896051974014,0.4250376351443821,BBB
101,2017-02-28,M,0.1170942034251387,3.6461126005361932,0.2931972502214162,2.844504021447721,0.478487418161236,0.02632787387111587,0.8012574308290726,3.144393876706661,2.636359872479609,0.140736367087006,BBB-
102,2017-02-28,RF,0.02103817981255307,,,,0.9084141925358632,0.1960385982732351,0.8677124349041027,2.92832893247831,1.0,,BBB
103,2017-02-28,FITB,0.02342732269760184,,,,0.7737488184551448,0.2367186317542001,0.885832448286291,5.441531042796866,0.9834490122797651,,BBB+
104,2017-02-28,MTB,0.02594047874753555,,,,0.6244065363666562,0.2298400155054286,0.8664501576462144,3.023801144358645,3.6853160868823873,,A-
105,2017-02-28,USB,0.02872034080917981,,,,0.4849813104107455,0.2588814632430531,0.8925182301710451,3.794415021665864,0.6943988750878838,,A+
106,2017-02-28,FHN,0.02398877070540915,,,,0.4949989221394507,0.1656846790965812,0.9052683552095937,3.031981263809641,0.6959113248980446,,BBB-
107,2017-02-28,FLO,0.15825835122726,9.268686562642024,0.8996753017990512,5.962157248901681,0.3257728169239124,0.04170633975784878,0.5617348069660001,2.189125792892283,11.96004792596265,0.0277402649255484,BBB
108,2017-02-28,F,0.06890398292415248,1.8567980691874497,1.1028123303906692,2.2325020112630733,0.6194171529942659,0.03027667984189723,0.876936848342726,8.965322631215903,14.159377359586456,0.4300683421760946,BBB
109,2017-02-28,BEN,0.1467976870321954,44.32812500000001,,34.576171875,0.541162259730165,0.2677392225267879,0.2129148331321313,0.8653462192013595,2.422588908083636,,A+
110,2017-02-28,GD,0.1468498049915984,43.525252525252526,0.5170481083605791,31.92929292929293,0.2115840159716179,0.09766210569961407,0.666098807495741,0.8162922527818601,2.9828170377541143,0.1816907986921999,A+
111,2017-02-28,GPS,0.2617042885692756,18.56,0.8086408307064713,9.933333333333334,0.2476288583001542,0.04330403309203723,0.6630647051165213,0.871557336004006,4.534963325183374,0.5457073984795104,BB+
112,2017-02-28,GE,0.04769925688474428,2.693280632411067,,2.933596837944664,0.2744522839218151,0.08174587260209878,0.7795187618262625,6.657429130009775,3.5600971717666985,,AA-
113,2017-02-28,GIS,0.158736701989851,9.305162775402827,0.4793882519709682,6.3669845445577105,0.1608433292640282,0.1023240942176636,0.7271420035436701,2.578219301299907,6.543610478164779,0.1436770235503661,BBB+
114,2017-02-28,ALLY,0.03242850804662607,1.8715953307392996,,1.6175653140633686,1.5012935780436236,0.1131134188556302,0.91866388155966,12.782433983926522,87.54285714285714,,BB+
115,2017-02-28,GM,0.1060185963816343,4.2386524822695035,0.7327338256183891,4.3429078014184395,0.8388059701492536,0.05665945426132948,0.8011863412873833,3.8357430993065313,9.647720673635307,0.3100926262899003,BBB
116,2017-02-28,GWW,0.2533109673407224,17.770224784873854,0.990682267024446,9.867412047064335,0.1363849870277492,0.05977269471937233,0.6653204683203768,1.5357821440580888,4.1451078422787395,0.168297484801438,AA-
117,2017-02-28,HAL,0.06859341278033218,1.1774744027303754,2.337061894108874,-8.831058020477816,0.2008670008116658,-0.3626235286712406,0.650074074074074,5.6438668490652075,5.73998294970162,1.0104399701715139,BBB+
118,2017-02-28,HE,0.04773537528344231,4.59315594369616,,4.29994855084891,0.7785251216762019,0.105074487934828,0.8231737620183032,3.276484344056384,,,BBB-
119,2017-02-28,KHC,0.0704694540630019,6.385361552028218,0.6387748658035997,4.202821869488536,0.7362457510902414,0.1371238720881942,0.5221281540504648,3.7775705292609,5.580535646925688,0.4424797389748448,BBB-
120,2017-02-28,HAS,0.1988112004352185,8.427760381910579,1.7553643426281276,6.660695036189107,0.1929180242977754,0.1098405481309895,0.629678950599898,1.7644211052968293,5.779112549487351,0.8071506849484411,BBB
121,2017-02-28,HSY,0.2904651741366772,13.49059284013449,0.5609489259433248,8.358575793808955,0.03759866322261297,0.09677775312186626,0.8501743106362343,1.887987253641138,5.299525339291536,0.155525459518823,A
122,2017-02-28,HLT,0.1047239393764323,3.4991394148020656,1.1236959761549925,1.5989672977624785,0.3897402795187219,0.02983794906970762,0.7768494143680135,3.9764619345347554,17.28179043743642,0.6274217585692996,BB+
123,2017-02-28,HPQ,0.0568686898419333,12.937728937728938,0.7435133985538069,10.765567765567766,,0.05526763132799867,1.1340572216477076,1.769151138716356,7.097091804175403,0.3343258188005104,BBB
124,2017-02-28,HTZ,0.146308188083645,0.8541300527240774,,0.1669595782073814,1.801640700091647,-0.05384528001817562,0.943878882798225,4.354019292604502,,,B+
125,2017-02-28,HD,0.3378455367926893,13.489690721649485,0.4184987021242782,8.921649484536083,0.03948211716051224,0.08229800359866335,0.8582507931814822,1.4517200674536257,4.858633776091081,0.2309689039571966,A
126,2017-02-28,HRL,0.226727508089994,99.93015305726051,0.9914859152522418,70.15173646181337,0.2186113929213058,0.09346120599494458,0.3011995007273864,0.176283644614993,7.310026337225637,0.3941744936365121,A
127,2017-02-28,HXL,0.1976460331299041,15.004166666666668,1.162191982346451,11.408333333333333,0.2908574413563337,0.1246320411116101,0.481421311338832,1.5189677988531098,4.501504513540622,0.1294593600588452,BBB-
128,2017-02-28,HUBB,0.1793070674369218,11.815668202764977,1.7281207598371777,7.751152073732719,0.2521377547370574,0.08359009471642131,0.5451914893617021,1.6460162332284247,4.258672137262216,0.7611940298507462,A
129,2017-02-28,JBHT,0.2874052900286717,28.12168893808808,1.617604260085774,18.082707361429588,0.2040557389506336,0.06591300471866272,0.6306958914470352,0.9193322272142578,257.6662995594714,0.01112654283291516,BBB+
130,2017-02-28,HBAN,0.01945663097543382,,,,0.6435623701388855,0.1882206140708078,0.8966229820042396,7.224811190023561,0.8511508250738381,,BBB
131,2017-02-28,CNP,0.0966105229015592,2.194508009153318,0.8477272727272728,1.988558352402746,0.8219917134942804,0.05738575982996812,0.8414952586009437,4.120863309352518,16.51896813353566,0.4201298701298701,A-
132,2017-02-28,IDA,0.06747825567189583,2.9467521061705106,1.31652483831568,3.1499528347916597,0.8370917903774509,0.1571195385176146,0.656931425109187,4.254503089517785,7.3520655845904,0.2462006687623891,BBB
133,2017-02-28,ITW,0.2285160038797284,12.928270042194093,1.828623188405797,9.586497890295359,0.1032923275975019,0.1496433561291271,0.7198210644036577,2.215336728919072,7.076780758556891,0.8956521739130435,A+
134,2017-02-28,ITT,0.106862517576072,,1.277534056799815,,0.41849631099124,0.07562151825060281,0.6034095010689398,0.5526315789473685,5.283211430515394,0.5318633110136227,BBB
135,2017-02-28,IBM,0.1437852301888448,9.940397350993377,1.1670572019297036,10.835264900662251,0.1189201861144313,0.1486611611611612,0.8434323657103941,2.5729452681676737,23.950386597938145,0.235065472088215,AA-
136,2017-02-28,INTC,0.2129191467337055,17.56566820276498,1.4754703970052212,12.88479262672811,0.3961130142675529,0.173708050583461,0.4078374968012918,1.0964101228458567,2.856902985074627,0.8422322923849866,A+
137,2017-02-28,IFF,0.1864717401625496,10.871860970819304,1.1321389250993823,8.102816358024691,0.1788330201540203,0.1299696760633433,0.5939406280931167,1.836966042966043,2.7582613908466804,0.3606735856849127,BBB+
138,2017-02-28,IP,0.1039854845773635,3.01726618705036,1.112721021611002,2.307913669064748,0.3536556688063835,0.04312348783149106,0.8692757534862798,5.294223826714801,6.947278182597514,0.2536836935166994,BBB
139,2017-02-28,IPG,0.08760964168757453,10.353200883002208,0.9652219050090838,7.716335540838853,0.2440507382935712,0.07754951189050034,0.8150209848460578,1.5391549808778002,,0.1428237736828445,BBB-
140,2017-02-28,JNJ,0.1818082507037022,25.615942028985508,2.164111538022597,20.97584541062802,0.235163473721833,0.2300737237446098,0.5013172058240326,1.0866047107835284,2.20855714021115,1.606839882831818,AAA
141,2017-02-28,KLAC,0.2579610532679603,9.627480916030535,3.108818736018327,8.013724216339126,0.07826305593181067,0.2649975668592111,0.8531747880321983,2.4393633933087653,1.6420677014859577,2.3591555453909487,BBB
142,2017-02-28,KMI,0.0750202239536765,2.1915836101882613,0.4848075624577988,1.3920265780730896,0.7454951292172525,0.05421963547250728,0.5666272336716269,6.494243554402464,18.039267015706805,0.1328494260634706,BBB-
143,2017-02-28,K,0.1486041611798788,6.770428015564202,0.3804202056325436,3.700389105058366,0.09409793051565277,0.05345451744589078,0.8725431804645623,3.442622950819672,6.057073954983923,0.06258381761287439,BBB
144,2017-02-28,KMB,0.2763211520173889,10.221884498480243,0.5877523092712966,7.583586626139818,,0.1189979123173278,0.9880153403643337,1.8613569321533923,6.042363433667782,0.1578857338351009,A
145,2017-02-28,KEX,0.1054967838941153,11.871951219512194,1.286921844738766,7.843108788230738,0.8735165366763861,0.07986003062112541,0.4393243730276225,1.6197642967109556,6.215958887630334,0.01572258593841569,BBB+
146,2017-02-28,KR,0.1722537928158073,6.888015717092338,0.2497163371217053,4.984282907662083,0.28930041209152,0.01780649919660026,0.8093355512828821,2.1930560359737115,13.93004342676668,0.09631517270884098,BBB
147,2017-02-28,LRCX,0.143900397141409,9.363511335553884,3.0689728654351627,8.156018767236132,0.3725791628702608,0.1567075563832287,0.4628238723906513,2.1426805332636585,3.388507290693138,2.4645566469195535,BBB
148,2017-02-28,LEN,0.09187634249557355,4.486104892073037,,4.240452888121282,0.7048751441979961,0.08327343226241392,0.5305513729169814,4.587054436158813,0.8052976984502271,,BB
149,2017-02-28,LLY,0.1418598772702582,16.622155431515672,1.0503249412921194,12.754401030485186,0.1812312535837176,0.1289976015568676,0.6371556902429786,1.9534442885847518,1.2131797879475434,0.5496331895217811,AA-
150,2017-02-28,LEG,0.1979938504964968,12.246192893401016,1.1396829889612228,10.30710659898477,0.1756039402465412,0.09778927438065015,0.6333903019335813,1.6591989137813985,5.397188049209139,0.3989527313897537,BBB+
151,2017-02-28,L,0.03002168742587945,2.4650766609880748,,2.114139693356048,1.1925301951211384,0.04984376190839113,0.6950022194949996,4.704495853339153,,,A+
152,2017-02-28,LNC,0.006706077528798747,6.425373134328358,,5.447761194029851,1.1294586979685335,0.0899283289324783,0.9446616748271394,,,,A-
153,2017-02-28,RRC,-0.003771585031488907,-3.498338416174731,0.3759793240760375,-2.0995701877976143,0.7479757245020902,-0.4744018204929198,0.5206301582708052,-110.05357559496034,41.55454965357968,0.0004468777618540019,BB+
154,2017-02-28,LPX,0.1548663101604278,6.264705882352941,3.4173951048951046,5.420588235294118,0.4478167871930373,0.06729649861198174,0.4113332020480504,1.1571516267648865,7.551467367498905,2.8815559440559437,BB
155,2017-02-28,LOW,0.215372846740613,9.281055900621118,0.2182474369906205,4.787267080745342,0.1134132330333442,0.03904336550929261,0.7961563685095948,1.9789572443372203,3.8804949295841547,0.1722421622479129,A-
156,2017-02-28,MDU,0.0968764509190041,4.609179603884545,1.1038483765618023,3.62607872738334,0.5284792524584296,0.05645573029440799,0.6314335010431275,2.8622485362258128,14.241422764227641,0.06885146022079894,BBB+
157,2017-02-28,LMT,0.1301710442156519,7.755656108597285,0.8322436612980386,6.660633484162896,0.02141690476302548,0.07943193362682019,0.966405890473999,2.263750198129656,8.50062292358804,0.1464678679636422,BBB+
158,2017-02-28,MRO,0.03759955839444839,-3.5938303341902316,1.5348214285714286,-4.5012853470437015,1.3626780760859853,-0.5308856363185314,0.4358718723869557,6.103187919463087,8.251851851851852,1.1116071428571428,BBB-
159,2017-02-28,MMC,0.1734878866120969,14.39153439153439,1.1964723174914258,10.354497354497354,0.1838131331601641,0.1339393939393939,0.6551951621770203,1.5221659278024067,,0.2513473787359138,A-
160,2017-02-28,MAS,0.2224276601645558,5.6878306878306875,1.521917808219178,3.5978835978835977,,0.066739159983689,1.0200506131983649,2.491271820448878,6.8034310221586844,0.8157534246575342,BBB
161,2017-02-28,MKC,0.1666940078961471,11.830357142857142,0.4677725451606101,9.410714285714286,0.1493345794654233,0.1067664059843591,0.6466489786233526,1.8989633906311507,3.380682980028628,0.08322204259506571,A-
162,2017-02-28,MAT,0.1255273164422933,5.896181584978658,1.5451034257389045,4.343447086776425,0.2613691970419119,0.05828154637002557,0.6292179887443304,2.841122556772039,4.439223886411519,0.5775415738725388,BBB
163,2017-02-28,MCK,0.08001088344619058,11.61198738170347,0.6526315789473685,7.470031545741325,0.3551037655525969,0.01043776526987552,0.8206333240843507,1.8370996050899517,11.881405775442317,0.1130591679716756,BBB+
164,2017-02-28,MCD,0.2671273994889983,8.768023321000111,1.3809935703370528,6.254512837762081,,0.1903386822300472,1.0710516730649595,2.8179331009999027,163.85534591194968,0.35273765245221,BBB+
165,2017-02-28,MRK,0.1552983424293453,14.567099567099566,1.4966286910020925,6.656565656565657,0.2791102195372488,0.09847514256286583,0.577382387787412,1.62270559801424,1.7037424210746392,0.833585212741223,AA
166,2017-02-28,CVS,0.138072177717296,9.635197066911092,0.6202666666666666,5.8744271310724105,0.4902326718026992,0.02995617543345764,0.6100654231331117,2.11988911988912,10.162928966308543,0.1317333333333333,BBB+
167,2017-02-28,MU,0.1303157651231831,0.7625,1.3864296081277214,0.3708333333333333,0.6042379049423914,-0.02319686611874952,0.5108119705959178,2.7222633136094676,2.628458851974568,0.9114140576404728,BB
168,2017-02-28,ETR,0.08093293016954933,2.84023438894004,0.8768940056798296,0.1941945199808719,1.2008683957853823,-0.05204881775127252,0.8195164763386474,4.168455354930405,7.293309771542028,0.3711901142965711,BBB+
169,2017-02-28,MMM,0.2650554675118859,34.55980861244019,1.3412124135713137,25.16267942583732,0.09800355246820619,0.1677239363645422,0.6856804230231569,1.3447165689318155,3.930465015210778,0.4306158546390095,AA-
170,2017-02-28,MSI,0.1829080118694362,5.5377777777777775,1.0119940029985008,3.488888888888889,,0.09274594236502152,1.1124896608767576,2.8526930564568462,4.094575799721836,0.4032983508245877,BBB-
171,2017-02-28,THC,0.0943306533286485,1.4305694305694305,1.2223599405057015,0.8131868131868132,0.4704800026260355,-0.009530604964069109,0.8593174365410308,6.684925503943909,54.61102362204724,0.1774913237481408,B
172,2017-02-28,NFG,0.1402974844770628,4.841155022840618,1.131297607641599,0.8915301118980761,0.491089049902493,-0.008628938315860086,0.7241175645667629,2.5669174144389366,12.676201853227004,0.3759228930755677,BBB
173,2017-02-28,NEM,0.06240668210243871,0.1405228758169935,1.884,0.2810457516339869,0.6259633686491191,-0.03278199970198182,0.4354048785126718,3.2004160887656035,3.1841929002009377,1.6068571428571428,BBB
174,2017-02-28,NKE,0.2397064629246882,91.42857142857143,1.984325719200994,80.3265306122449,0.1486204338081276,0.1159709997911508,0.430961469294938,0.4708874249176516,3.6414733688071497,1.017537991015961,AA-
175,2017-02-28,NWL,0.1137673140299887,4.904823316997678,1.2508154706430568,2.3631673974722727,0.7627128674956047,0.03984469240048251,0.6635567048393055,5.085000855139387,5.588695468320529,0.1368825722273998,BBB-
176,2017-02-28,NSC,0.1185793614067561,5.219015280135824,0.8696023941855494,3.831918505942275,0.686591526643113,0.1686893203883495,0.6443597386220337,2.5590243902439025,21.924242424242426,0.4087216759298846,BBB+
177,2017-02-28,NI,0.07767435690518565,2.416784004505773,0.3672151092057239,1.923965080259082,0.9242235633149747,0.0730328324986088,0.7821944264627994,5.628193268341279,5.988748787584869,0.01042813278489079,BBB+
178,2017-02-28,ES,0.08135664563563622,4.450054764778597,0.5905974954687304,3.288468310500509,0.9324249297883889,0.123352020891387,0.6609601801356765,4.219966834456841,15.307657731469023,0.008313900519567253,A
179,2017-02-28,XEL,0.08769754624965645,3.422215248868848,0.6891978332285713,2.736538636929265,0.8655495391704118,0.1011422608607967,0.7322129796380668,4.220074562318848,12.516159992084498,0.02601628620255414,A-
180,2017-02-28,JWN,0.1910752654688133,7.454545454545454,0.3407204448384237,3.7520661157024793,0.09548765322437379,0.02275522755227552,0.8874988092592004,1.8173076923076923,4.129214143075297,0.2004996373599807,BBB+
181,2017-02-28,NTRS,0.02473029149086014,,,,0.4637948784427818,0.2007270889225864,0.921159974146049,2.9882056451612904,23.28358208955224,,A+
182,2017-02-28,WFC,0.02524701116025378,,,,0.6586690450534086,0.2346009068354863,0.8961217336790813,7.497347169248471,0.397707194806262,,A
183,2017-02-28,NOC,0.1457617640009587,10.60797342192691,1.0728241563055063,8.308970099667775,0.129158809788173,0.08976660682226212,0.7946825954556103,1.9375171279802685,22.520024645717807,0.4513321492007105,BBB+
184,2017-02-28,OXY,0.06371178332909666,-5.174657534246576,1.1886199308393588,-2.4315068493150687,0.4156940323682243,-0.09930624380574826,0.5013338282029275,3.561479869423286,6.415766738660907,0.3549198365293933,A
185,2017-02-28,NUE,0.1449620693442273,7.828726386810646,1.6847248036164533,5.301400720617549,0.4448032980708367,0.04912790019719743,0.4577660695773474,2.0395543697046294,5.835238104709601,0.918825205044758,A-
186,2017-02-28,OGE,0.08454726928392281,3.364304812834225,0.3777258566978193,3.260695187165775,0.865019502347692,0.1496990084985836,0.6535273049217273,3.471001331880373,8.065841305571187,0.0002920560747663551,A-
187,2017-02-28,FE,0.08584465306550584,2.1457242582897034,0.3348301992702779,-4.390052356020942,0.7303972886484711,-0.4241862381540997,0.8553583016594049,5.511241446725318,15.522609340252039,0.02792590513612125,BBB-
188,2017-02-28,OKE,0.1055965354542312,2.6570791392672857,0.4331573895169071,1.7373157699659754,0.1498577092259435,0.0396920322468477,0.7875352931586836,5.661295158506764,17.76793896495678,0.08773395574648156,BB+
189,2017-02-28,OLN,0.0899338656521643,1.567079463364293,0.992629525254715,0.9798761609907121,0.7803547491981622,-0.0007026267430548048,0.7406021043982379,4.4485981308411215,6.7105503192459715,0.1999783221331021,BB
190,2017-02-28,OC,0.1445671582567291,6.944444444444445,0.9096573208722741,4.638888888888889,0.6685812585229052,0.06922670424519993,0.49735176333807,1.9231473010064044,5.796159527326441,0.122533748701973,BBB
191,2017-02-28,PCAR,0.1469602646309945,,,,0.3410750598066108,0.03062823997698626,0.6716104055933213,2.7627212569677613,17.266679787443415,,A+
192,2017-02-28,PNC,0.02221906458096798,,,,0.7772152255771645,0.2376545089204165,0.8721163818985752,6.54489010306718,0.7408703258254975,,A-
193,2017-02-28,PCG,0.08582884255364302,3.3034090909090907,0.7537017451084083,2.598863636363636,0.9139448856868071,0.07964451488735425,0.7348027639289775,3.2560932532673967,26.61640798226164,0.02432575356953993,BBB+
194,2017-02-28,SRE,0.0659575425024737,2.4086181277860326,0.4811877847140206,3.037147102526003,0.6642993311622699,0.1346361583030541,0.6810572134097853,5.837367882713945,26.07913669064748,0.07001855913615657,BBB+
195,2017-02-28,PPG,0.1593545440706348,16.203007518796994,1.1570754716981133,5.2406015037593985,0.2150128350728773,0.03819585534335636,0.6884393430147758,1.6874283530760412,4.960319901568748,0.4403301886792453,A-
196,2017-02-28,PH,0.1333803012107715,9.729120042968399,1.6638854918399981,7.566959090502192,0.2453501282878449,0.07860121877720486,0.6071973238810383,2.0012020556530463,6.746390986797885,0.8843221402388981,A
197,2017-02-28,AFG,0.01833585880245113,9.741176470588234,,8.635294117647058,0.6417969998491646,0.1005577936163619,0.910680563625799,2.3056133056133055,,,BBB+
198,2017-02-28,PPL,0.1025304061018347,3.422645739910314,0.4459212926765702,3.132286995515695,0.6014299372652192,0.2530264733271252,0.7416416547044239,4.837647650163357,9.924263674614306,0.08887151420380505,A-
199,2017-02-28,PEP,0.1766113104676069,9.239713774597496,1.1528743789921931,6.661001788908766,0.1081471363275311,0.1007818595837513,0.8489255217256404,2.9095133091825485,9.520852471063751,0.7629524485450674,A
200,2017-02-28,PFE,0.1183101083831011,11.468323977546111,1.0337779206170656,6.773055332798717,0.45788157051152,0.136282750265031,0.6513125309559188,2.09821517598963,1.4227756015668718,0.5736782902137233,AA
201,2017-02-28,PDCE,0.04090960469693578,-4.289538225425438,1.477670024909638,-2.700335535125863,0.6343131208624867,-0.6422521969627724,0.4153262642776986,7.459521127162272,418.43333333333334,0.9021428201849375,B+
202,2017-02-28,EXC,0.07655215704177129,2.4511323003575685,0.800624210448094,1.6758045292014303,1.3409464266928457,0.03616071428571429,0.7596950497806865,4.461796496459187,14.551186017478152,0.0659879616556439,BBB
203,2017-02-28,MO,0.2337033402576879,11.889920424403183,0.7063050847457627,19.884615384615383,0.1612279041198375,0.7363603454517247,0.7210876948532613,1.513905551314211,3.6972072513473786,0.6195254237288136,A-
204,2017-02-28,COP,0.05517580211047977,-3.450071326676177,1.098711825155594,-1.578459343794579,0.7080167529424001,-0.1525767104207994,0.607605935035423,5.2797135114208285,15.31279178338002,0.5297438124185845,A-
205,2017-02-28,PVH,0.09906648885502,6.48989898989899,1.0506644078564245,5.903198653198653,0.666088644136745,0.07096821355036001,0.5661933976577632,3.030027803521779,2.7263040139549877,0.4103975858965536,BB+
206,2017-02-28,PG,0.1359358851861241,23.90848585690516,0.8862735883453925,17.101497504159735,0.2884410691301288,0.1483497110269657,0.539600974596581,1.7788185678218957,5.939873580348425,0.4582924833291471,AA-
207,2017-02-28,PEG,0.08161845241930288,5.875324675324675,0.7225274725274725,3.303896103896104,0.9835005868737767,0.09789206489349961,0.6723234339905166,3.7205557309756867,6.3274288781535155,0.1291208791208791,BBB+
208,2017-02-28,BAC,0.01968874552229469,,,,1.0875796706460723,0.1911767846084858,0.8780272633109995,9.638840688458473,0.9680828275615851,,BBB+
209,2017-02-28,PHM,0.1064595285750699,5.987245024566976,,4.7390379175145165,0.7944523345445331,0.07859488638942079,0.5422213161462734,3.404753003376499,0.8345381889713969,,BB+
210,2017-02-28,RJF,0.0389110114466056,9.14131413928512,,5.9814852065313415,0.5131804462992244,0.09907547898071865,0.8312537489123228,2.342545206414193,2.33071378719864,,BBB
211,2017-02-28,RPM,0.1427747433966091,5.909150906651663,1.487714392611701,3.30795862725581,0.1871788959289708,0.04391132760748723,0.7115350496175632,2.5407630954620193,3.5812910751919045,0.3327438034662893,BBB
212,2017-02-28,NCR,0.1258165665011759,3.7176470588235295,1.047328244274809,2.664705882352941,0.1377188066902847,0.04325233073513679,0.7965593640036491,3.1682242990654204,6.596125186289121,0.2534351145038168,BB+
213,2017-02-28,AN,0.09901979274452934,4.300779220779221,0.2049509366636932,3.242597402597403,0.4904916144068526,0.01997778703318062,0.7703479125248509,6.76392463708432,5.130550609217481,0.01111644822617169,BBB-
214,2017-02-28,ROK,0.1781677948596013,14.154269972451793,1.9900866738894907,11.453168044077136,0.1185905446937717,0.1276921523758245,0.6963951752033285,1.5703978647093169,5.9550653967096565,1.3074756229685807,A
215,2017-02-28,ROST,0.4055312950092228,88.44126322213181,0.6219003418911955,55.98611676159479,0.1124448322220232,0.08576339548635417,0.4994360956373615,0.1946071489793944,5.590920910607005,0.5070840748030708,A-
216,2017-02-28,R,0.1596650209464788,3.739832119207538,0.5917357627479188,2.790006966849969,0.9399893017355719,0.03899228287557478,0.8117602697521127,3.08786007452642,63.12724571119817,0.03591543683191434,BBB+
217,2017-02-28,SEE,0.1436237352430966,3.6933449325793823,0.7340601255368352,3.1157024793388426,0.0753151287809819,0.0717584054999041,0.9174865680529427,4.0971895854873575,6.244415840084804,0.1716456652036434,BB
218,2017-02-28,SCI,0.06229556320512529,3.465849851628386,0.6097477085541116,2.092200156700166,0.2876597246157444,0.05840646595650411,0.9090186539475463,4.469744411665736,80.21648914605831,0.3847844274638853,BB+
219,2017-02-28,SHW,0.3218892673497669,11.81947328799128,0.9044927874835773,8.351013706453456,0.07810247661630995,0.095541584476267,0.7218163408895729,0.9671066643552341,5.49690635098924,0.3145057276333523,A
220,2017-02-28,SJM,0.1042167136762521,7.608747753145597,0.6301389783326755,5.335530257639305,0.6164543024075808,0.09633613803386942,0.55564598295271,3.160586742223009,4.495005663680363,0.1066954733365187,BBB
221,2017-02-28,SNA,0.2042757407628582,16.381226053639846,1.3678625568468923,11.46743295019157,0.2650150555211226,0.147206207230993,0.4420731707317073,1.0937599659827788,3.3396868618107556,0.07842344618494189,A-
222,2017-02-28,SON,0.161669355667144,7.609299895506791,1.2159662902309447,5.988401253918496,0.3045661983669312,0.05988738577220364,0.603715382558588,1.6395107988064312,9.601169462624801,0.3204845156338773,BBB+
223,2017-02-28,SO,0.08125947397814004,3.900531511009871,0.537276457381745,2.8929384965831435,0.8431880974725753,0.1253015681544029,0.7548337693829367,6.212462364183794,5.2035661218424965,0.1528992800185802,A-
224,2017-02-28,EIX,0.08066595164765962,3.4635761589403975,0.3186738836265223,3.3543046357615895,0.866462758017537,0.1198079029404331,0.7234552504920205,3.0424493778970483,30.711462450592887,0.01623815967523681,BBB+
225,2017-02-28,KEY,0.01893033257623518,,,,0.6884200023993224,0.1464861857964027,0.8883131920881182,6.703467153284672,0.7367256637168141,,BBB+
226,2017-02-28,LUV,0.2253015830306292,31.172131147540984,0.6079777907656342,19.39344262295082,0.3853602349302634,0.1098653610771114,0.6375075152452118,0.6741640127388535,39.907407407407405,0.4829047340736412,BBB
227,2017-02-28,T,0.1243953760293022,4.190796277145812,0.7183248971844353,3.2364701826956224,0.7019112448654967,0.07923645756367434,0.6926608571619604,2.462282205653682,25.324110671936758,0.1192858272698513,BBB+
228,2017-02-28,SWN,0.08428816014750427,0.85,1.6785714285714286,-10.0125,0.1711380306152835,-1.0849753694581281,0.8704070096099491,7.2703125,,1.337406015037594,BB-
229,2017-02-28,SYK,0.1697835450629737,11.263157894736842,1.8522871664548919,8.223684210526315,0.2137829340900871,0.1454304635761589,0.5326645461218498,2.220295439948619,1.936222403924775,1.0749682337992377,A
230,2017-02-28,STT,0.02189018016356146,,,,0.6071559901558572,0.2025137025137025,0.912570354926699,3.2612359550561796,,,A
231,2017-02-28,SWK,0.1237957360616999,7.70642673521851,1.1791629563668744,5.962982005141388,0.4059185466232291,0.08462421867466183,0.5923478883779237,2.0071319943363575,4.5773532152842495,0.4031344612644702,A
232,2017-02-28,SYY,0.1954457907977319,8.838060555779363,1.1473779253590912,5.115722884117569,0.08862783347171677,0.01944090092877834,0.7983508919684394,2.341548499612335,14.854830209519717,0.3236071820187579,BBB+
233,2017-02-28,TFX,0.1268561619073201,6.823920205311152,2.0278969053843596,5.317122003603867,0.3391679188729831,0.126971933489184,0.4506810601218694,2.0967596622695144,2.502643685628808,1.2715867797196747,BB+
234,2017-02-28,TXN,0.3514283089923762,59.8,2.5030918727915195,45.9375,0.1445575198394725,0.268885564697083,0.3626072667518714,0.628855201254574,2.5820166618787703,1.5415194346289753,A+
235,2017-02-28,TXT,0.1068981573870817,6.741379310344827,,5.844827586206897,0.4341288111168719,0.06114012184508268,0.6370621174632114,2.2899813316739266,2.509690816797416,,BBB
236,2017-02-28,TMO,0.1057922842510931,6.055792163543441,0.9880595174483127,5.312819420783645,0.4340534525333611,0.1108289874740753,0.5308108696836029,3.6216893186966375,4.2708204518430435,0.1656870401578363,BBB
237,2017-02-28,SIX,0.1743727563570562,3.905519744588903,0.8059293816782296,2.436104737972978,,0.08966361931729472,0.8796521406359038,3.8580904208409357,26.218992799457222,0.4472546462753836,BB
238,2017-02-28,TKR,0.1396204632368858,7.378612716763006,1.453943008614977,5.410404624277456,0.4159017030569816,0.05715783953854221,0.5265199579451111,1.7033591731266151,3.3737373737373737,0.3605036447978794,BBB
239,2017-02-28,TSN,0.1669168948158615,12.825,0.7260558921949896,8.916666666666666,0.5490245314734199,0.05147517000352198,0.5666826724436355,1.638425925925926,10.94829097283085,0.1014741792529619,BBB
240,2017-02-28,AEE,0.09209954694966797,3.615183246073298,0.3986537023186238,2.7094240837696337,0.8974764740473564,0.1074720210664911,0.7066682861654318,3.5193171608265947,7.230046948356808,0.003365744203440539,BBB+
241,2017-02-28,UNP,0.1687847858010479,10.418338108882521,0.7909340659340659,7.064469914040115,0.424758008808,0.2122762148337596,0.642270002512653,1.6119226638023632,14.63317274604267,0.3673076923076923,A
242,2017-02-28,UNH,0.1279713740376527,12.11808809746954,0.6878705433281898,7.576382380506092,0.2693326143254103,0.03796256221597057,0.6727546616725022,2.2002002002002,,0.2695322017380005,A+
243,2017-02-28,UAL,0.1716768928778657,8.104234527687296,0.5238482825980791,4.685667752442996,0.3776441066796252,0.06190502243133822,0.7842800199302441,1.6834459945347333,30.02110490378647,0.3604102230180694,BB-
244,2017-02-28,UPS,0.1956842212281415,13.860759493670885,1.1514919011082694,9.686075949367089,0.005195587227980357,0.0563327094210751,0.9893751393119845,2.0879334978568647,163.71384615384616,0.3893435635123615,A+
245,2017-02-28,UHS,0.170110889105131,10.07253833022601,1.1811430779285745,6.525601994981081,0.449568487741728,0.07192973832615991,0.5534986036754728,2.437288563062641,66.84444205101863,0.02561689058451934,BB+
246,2017-02-28,VFC,0.2027861435796766,17.817829621028185,1.5255813823232889,13.377567824342869,0.2336849864751337,0.0975560951270251,0.4926814457772936,1.1801734356161373,3.7066788963948603,0.6877237593816512,A
247,2017-02-28,VMI,0.1398763848162835,5.689567430025446,2.5816583201847654,4.90083091265284,0.3086103155704624,0.06869716807393178,0.5891736988816886,2.257313815897459,5.14678731721442,1.143205049049873,BBB+
248,2017-02-28,TTC,0.2960698222635755,16.8711591651999,1.0175405690336519,12.616494845360823,0.1059494586670038,0.096518475620304,0.6035835210786454,0.8883475405885719,4.534890608341075,0.589762827187882,BBB
249,2017-02-28,VMC,0.1158486617893751,4.8510074605776285,2.126470809469058,3.9842734414740293,0.3185157627831769,0.1175744927097335,0.4602503106011644,2.040910031279237,6.660738080148523,0.7200089188811639,BBB
250,2017-02-28,WMT,0.1626624203185759,9.551781970649895,0.211839669785281,7.062893081761007,0.36037121672377,0.02987177447843179,0.6002784457348365,1.5156202049960106,7.696977345177414,0.107943987616948,AA
251,2017-02-28,WBA,0.1196525886796843,10.258320126782884,0.8333857089412645,7.524564183835182,0.3482470108245277,0.03524255472140662,0.5645089430076388,1.9886667476908118,9.254742767448784,0.4005985783763562,BBB
252,2017-02-28,WHR,0.1143515970966643,9.48447204968944,0.615505090054816,6.515527950310559,0.3613460084883952,0.04286128004633652,0.7009345794392523,2.0485792850595783,6.276993513925983,0.1474810754372227,BBB
253,2017-02-28,WMB,0.07400761566950081,1.4658997534921938,0.4489657511020685,0.6516023007395234,0.3802611860415329,-0.05654087211628217,0.7000960819899648,6.62588102621934,24.943396226415093,0.05764665988470668,BB
254,2017-02-28,WDC,0.1392208918025681,2.311306901615272,1.8324970400856966,0.3788546255506608,0.5484016024854876,-0.02657202085558138,0.6005350019849897,3.533857409713574,5.148079470198676,1.34391385239894,BB+
255,2017-02-28,WEC,0.08183811265938559,4.040618955512572,0.6502303010363546,3.27321083172147,0.7604417411065765,0.125824712605222,0.7025482020502469,4.180951598323609,7.906009728542289,0.0154219443987498,A-
256,2017-02-28,LNT,0.08001855502725269,3.1773700305810397,0.5635111876075731,2.957186544342508,0.7456267781564752,0.1156626506024096,0.6962718150413495,4.409951690821257,10.251233737101838,0.007056798623063683,A-
257,2017-02-28,TJX,0.382219411448795,54.69806704534073,0.7007266266257546,33.71818350907816,0.09665433497895945,0.06997857774908584,0.630863300134748,0.4001214050473864,5.679459406751664,0.5498633994211646,A+
258,2017-02-28,SF,0.02563151251686764,7.20357272033115,,2.638066149580035,0.7775990753437069,0.03102722494357475,0.8568478729759643,6.508492622582421,2.113049373697143,,BBB-
259,2017-02-28,OSK,0.1138642812276636,6.624584717607973,0.8766317553414327,4.6710963455149495,0.4152428894122899,0.03542461449684224,0.5808008108384954,1.731263077801027,4.22620827105132,0.129937159614579,BB+
260,2017-02-28,ZION,0.01721116708672105,,,,0.7922297858506514,0.1899047055313061,0.8792788298200964,1.2878110165349186,1.0790038449878587,,BBB-
261,2017-02-28,MSFT,0.1650227484264858,14.664029214850883,2.4052111372091827,12.449786975045647,0.1456086931358519,0.211610929256797,0.6481050133075427,2.0755632336236274,10.5670482420278,2.050958389768032,AAA
262,2017-02-28,ORCL,0.1380724293835892,8.269981120201384,4.288192723307227,6.5506607929515415,0.2938879707206029,0.2368675475346439,0.5886953353869501,3.1180132278563093,24.856316297010608,3.8580020488417435,AA-
263,2017-02-28,MS,0.01724772749114773,3.7350850077279754,,2.8479134466769707,0.875588445296379,0.1575272075680519,0.9052983683641553,23.75540921919097,0.07373387357986665,,BBB+
264,2017-02-28,COTY,0.1236929666333695,2.987755102040816,0.8224515169472816,0.9358600583090378,0.8338103917581852,-0.002035830618892509,0.7409852000138858,5.564547989774576,2.748451231810978,0.2447333867837929,BB+
265,2017-02-28,HOG,0.1440790382692734,6.013988628091369,1.17165497201458,4.4045094142876815,0.1870622727930827,0.1154288081397385,0.8058532452195296,4.753067732032255,5.9128459124130615,0.2857849017767999,A-
266,2017-02-28,NVR,0.2735657600569404,26.334399445108087,,17.38711417671766,0.2116356353744887,0.07288641780006633,0.5066304379481705,0.8452285973815068,2.6812924084949317,,BBB+
267,2017-02-28,ADBE,0.1475095796417276,21.18188012833253,2.0770028826643574,17.592118338491243,0.1504006147390093,0.1996406140307425,0.4156946258607581,1.0554765733640976,,1.693427489699054,A-
268,2017-02-28,TOL,0.05929124085217658,3.3297723794367107,,3.3298333546746663,0.9526879659863287,0.07073135063290671,0.56503093576332,6.7228367516284235,0.5847420493758945,,BB+
269,2017-02-28,FISV,0.1937850442802494,8.92638036809816,0.9494505494505494,6.705521472392638,0.1442147739150709,0.1689373297002725,0.7391973724725444,2.4672796106003245,,0.1648351648351648,BBB
270,2017-02-28,UNM,0.02646509623671359,9.124096385542169,,6.610843373493976,0.9011675815931581,0.08430943027318645,0.8552182301042113,2.06574565190576,,,BBB
271,2017-02-28,PPC,0.2817533608960556,14.664347719017423,0.5863243276237157,10.040448193067782,0.2177863121670187,0.05554471920306872,0.7019009260632042,1.135393069959014,8.472665068353587,0.1443128592504212,BB
272,2017-02-28,MKL,0.03776012430591046,6.35960306706904,,4.508106485188152,0.6964985574139732,0.08129792224112936,0.6699134181985684,2.6834222759583914,,,BBB+
273,2017-02-28,SNV,0.02149531242478881,,,,0.5578575459310697,0.1904201938739055,0.9027397088267534,3.6659973680926257,1.4745087742330751,,BBB-
274,2017-02-28,PGR,0.05722028624373091,11.196105702364394,,8.169680111265645,0.3919277000162729,0.04402709096654624,0.7474893426071348,1.7398176291793312,,,A
275,2017-02-28,CDNS,0.184493301705088,12.552767215885087,1.131492480727916,9.579890156316011,0.1057608068468956,0.1118263867895906,0.6462553435820741,1.6901848864018563,3.3543231813128007,0.7997257335687766,BBB-
276,2017-02-28,ZTS,0.2206657241999743,8.781065088757396,1.6902417188898837,5.8579881656804735,0.06561160439811754,0.1669377795851972,0.8040266701529611,2.60221316249272,1.009093971034018,0.6508504923903312,BBB
277,2017-02-28,XRAY,0.09707951927268199,14.027624309392264,1.7710765239948119,12.875690607734805,0.674730550804736,0.1147838624409259,0.3028628786643903,1.9656189865298266,3.434868804664723,0.4979247730220492,BBB+
278,2017-02-28,CLH,0.119902470679067,1.4394437083143117,1.8119694531850643,0.5560244518923493,0.3400330994431879,-0.01447177109972104,0.7055229336867721,3.829890210901996,11.78754623432302,0.6083147732766888,BB+
279,2017-02-28,SCHW,0.01641853004536958,23.72519083969466,,15.419847328244275,0.2582710883566666,0.2476402726796015,0.9264894821897817,0.8605625374027528,0.03184214143230202,,A
280,2017-02-28,PXD,0.05902634991933698,-2.8720379146919433,1.9904214559386972,-1.6350710900473933,0.3861305710135793,-0.140723867375348,0.3674585333252324,3.4437299035369775,15.18452380952381,1.6340996168582376,BBB-
281,2017-02-28,MAN,0.108894292889469,19.430079155672825,1.4028916584672568,12.70712401055409,0.4245459343284753,0.0225754422741311,0.6770087930078424,1.0045028599245467,,0.1635782223679895,BBB
282,2017-02-28,MGM,0.08001407944212084,1.5789113216509498,0.9295519662547783,2.3518719675573903,0.5299305638017922,0.1164883841278427,0.644221633808548,6.087131276291426,54.43056855491673,0.6307524872232355,BB-
283,2017-02-28,WM,0.1844566112699259,6.121827411167513,0.8181818181818182,4.0,0.2176111418876918,0.0868542876037916,0.7449542164053886,2.4454951405306016,92.21978021978022,0.01145311381531854,A-
284,2017-02-28,FRC,0.01938646817964232,,,,0.4058060177897053,0.2834668737648299,0.9057196771757744,5.312963624535692,0.9252018503773796,,A-
285,2017-02-28,FCX,0.007080363315612559,-2.838407494145199,1.5927315357561547,-3.5644028103044496,0.5151748073800273,-0.2628455832771409,0.7519361149074149,53.96296296296296,3.3088967971530248,0.9953106682297772,BB-
286,2017-02-28,WRB,0.04315828802812749,6.5731390529184655,,5.272058823529412,0.6428261769383506,0.07967244496043156,0.7825307971240895,2.609524533746297,,,BBB+
287,2017-02-28,ORI,0.04289943728800267,14.463654223968566,,10.172888015717092,0.904344829796782,0.07912888738242521,0.7594827771681836,1.9962131104727086,,,BBB+
288,2017-02-28,DVN,-0.06464063486337812,-5.349415204678363,1.2672018348623852,-3.827485380116959,0.2752726455187497,-0.3204580745341615,0.5996218114459924,-5.666294642857143,,0.7488532110091743,BBB
289,2017-02-28,CINF,0.04557722666395071,16.32075471698113,,12.150943396226415,0.6364278321655886,0.1084602679390714,0.6536839007161778,0.9452513966480447,,,BBB+
290,2017-02-28,LH,0.1335712554489668,6.607494145199063,1.2439811775005472,4.42903981264637,0.507158868215147,0.07592980563795143,0.6124798203130484,3.0765791826644926,31.045936395759718,0.2372510396147954,BBB
291,2017-02-28,APH,0.1828402403945579,17.104683195592287,1.628118884540117,12.334710743801654,0.1811296201905997,0.1309016289132095,0.5619212350124136,2.0638195777351247,4.525635985848263,0.7174657534246576,BBB+
292,2017-02-28,VLO,0.1088868266383844,7.099804305283757,1.331772334293948,5.47945205479452,0.8877796978385245,0.03262263774477667,0.548350767764711,1.6235795454545454,11.117946067028518,0.5782901056676273,BBB
293,2017-02-28,IEX,0.1799259007846302,9.850096457383374,1.8432710782189041,6.943287443002455,0.2484387444254381,0.1283026422084169,0.5106429781320999,1.8934250131477357,4.39317618698207,0.7632472716216303,BBB
294,2017-02-28,BRO,0.09550933672178534,11.926597603910743,1.2183707375738415,7.521896608495225,0.4363528154449892,0.1457527301997193,0.5536111426854661,2.183212469784112,,0.5510342474900651,BBB-
295,2017-02-28,ABBV,0.1878320422328345,9.785714285714286,1.507310090992741,6.824853228962818,0.1155799668877855,0.2321943989390748,0.929862781585198,3.292403932082216,2.787227315839393,0.6566813209283304,A-
296,2017-02-28,LEA,0.1971884970786889,18.48848484848485,1.1067355282978264,12.819393939393938,0.3375363496248295,0.05254451006595681,0.6775043936731107,1.0203309692671394,16.314094096128443,0.311264136958133,BBB-
297,2017-02-28,EOG,0.09186972045574036,-3.9968117801372944,1.5807232410147336,-2.4999760644154447,0.3287956117182983,-0.148937568735287,0.5253954480386639,2.695022487587369,4.80565718814018,0.7891787612138563,BBB+
298,2017-02-28,LSCC,0.07403643604501021,0.2342696905593545,1.4949666772453187,-1.661435529099227,0.3023922961861582,-0.1266795299891817,0.6473647218676121,5.821335374552034,2.08555177217149,0.7417327832434147,B
299,2017-02-28,EA,0.1803309027649258,23.177777777777777,1.9373826615129763,29.88888888888889,0.1468610366213773,0.2810203199308258,0.4951885657680606,0.8737684729064039,32.02777777777778,1.628492545554942,BBB-
300,2017-02-28,SIVB,0.0199546688648898,,,,0.4060853757915326,0.2319376125793055,0.9154716287788421,1.467314434134295,,,BBB
301,2017-02-28,WBS,0.01792062553106778,,,,0.4827626237733025,0.1906560345216409,0.9030776032505324,8.835723348997996,2.8123019505668614,,BBB
302,2017-02-28,AR,-0.006909702636049268,-4.233593109105824,0.4925286400093957,-2.3476998801034896,0.9685774077318328,-0.5154054004821208,0.457854800411068,-47.92392644287097,,0.0386719648441132,BB
303,2017-02-28,BURL,0.2019716756211794,6.101123205388609,0.2037877314605078,4.282554728052358,,0.0347115072359316,1.0424693561237277,2.4923065739985177,4.08837084904058,0.06173468034748635,BB-
304,2017-02-28,PTC,0.05120920153401824,0.9493305563820291,1.0404708562093947,-0.1816126152930675,0.155887087193727,-0.03496433926167613,0.6367254411419032,6.508979313003973,,0.4795486676179329,BB
305,2017-02-28,SAIC,0.1609601129544652,5.795918367346939,1.2742342342342343,3.857142857142857,0.1210406195168929,0.03114571746384872,0.8263238952730719,3.0826023391812867,58.69117647058823,0.2428828828828829,BB
306,2017-02-28,TWTR,0.02047051845726865,-2.550274293167606,7.965802599564057,-3.3817182644723216,0.3915220514283419,-0.1806094119312039,0.3297393952140825,12.378188756788493,,6.4791831115661935,BB-
307,2017-02-28,CTLT,0.121376532029467,2.628959276018099,1.6165836621175858,2.0282805429864252,0.1893379650748658,0.04794050946680027,0.8036150974966213,5.147885438972163,6.972230516572112,0.4276566845611539,BB-
308,2017-02-28,KEYS,0.1507317740391191,9.0,2.142857142857143,8.127659574468085,0.2715239978433032,0.114804660726525,0.6021561924796214,1.9981851179673322,2.4266389177939645,1.2173913043478262,BBB-
309,2017-02-28,SMG,0.1638905580258783,6.761609907120744,1.1923600278782651,5.2554179566563475,0.1013026245556653,0.09649677057006457,0.777861016816887,3.185177942901838,3.094158674803836,0.09070392618897481,BB
310,2017-02-28,CZR,0.0579571043597032,0.5757071547420965,0.6411977284460506,-10.562396006655574,,-1.7923652308485942,1.0952061232711159,8.710828025477706,85.85365853658537,0.5970573051109964,B
311,2017-02-28,SYF,0.0494430487203313,7.8522072936660265,,5.320537428023033,0.4788608206285243,0.1488559714323502,0.8426286208387376,4.674477958236659,,,BBB-
312,2017-02-28,CSCO,0.1292044043630479,17.858741258741258,3.269124618139682,15.868531468531469,0.4113631362160456,0.2173273095242963,0.4778469852994877,1.9423422823262941,12.535111808552374,2.745296534288423,AA-
313,2017-02-28,HOLX,0.1416853951570659,3.727156549520767,1.2368674576614949,3.123961661341853,0.2860702726513646,0.1157421915804868,0.7108021799930252,3.2282463505390697,3.3005643546331696,0.4949295203326235,BB
314,2017-02-28,KMPR,0.00737385052872601,0.891832229580574,,1.2803532008830023,0.8696321009773543,0.005050906776964683,0.7594299981730711,12.559265442404007,,,BBB-
315,2017-02-28,UNVR,0.08687274478972579,1.5594541910331383,1.061216871967152,0.5555555555555556,0.210043486696484,-0.008471952140901942,0.849737471938255,6.23414940364093,8.136666666666667,0.2511384845091452,B+
316,2017-02-28,CFG,0.0181212812100317,,,,1.1081655632354128,0.1813291688356759,0.8679307116104868,6.578059071729958,1.616589861751152,,BBB+
317,2017-02-28,CC,0.1234827642013271,2.021097046413502,1.0084697910784868,1.029535864978903,0.0575160585889215,0.001296296296296296,0.9828382838283828,4.644823066841416,4.60149511213341,0.5093167701863354,BB-
318,2017-02-28,TRMB,0.1060303215718268,7.803088803088803,1.1041848299912818,6.111969111969112,0.3094489087920261,0.0560494454322242,0.3723937067886112,1.5898948448320085,4.154615544905188,0.4754431851206044,BBB-
319,2017-02-28,CABO,0.2388631531227792,6.383839052314615,1.6729528625284544,4.273849310082393,0.2059289972480094,0.1207125209699558,0.6747152127253768,1.6028695140983977,,1.24200354498259,BB
320,2017-02-28,AZO,0.2834331624436806,13.926969299536951,0.1277427385559003,9.438077139262868,,0.1176601435524291,1.2132499337924698,2.0796289197174094,1.3039612704528223,0.04344863512808278,BBB
321,2017-02-28,X,0.04152588555858311,-0.5,1.193908193908194,-0.746031746031746,0.4012199659513443,-0.04288081083715038,0.7516375545851528,7.955380577427822,5.278310940499041,0.6499356499356499,B
322,2017-02-28,MTG,0.1147774674072164,11.679788961038962,,7.043848814229249,0.7342496770793575,0.3223740991620572,0.555527228129808,1.7685055294913707,,,BB+
323,2017-02-28,ZBRA,0.1220016542597188,1.4818652849740932,0.9241306638566913,0.2901554404145077,0.1752870562569586,-0.0383324006715165,0.8290155440414507,4.488135593220339,5.005390835579515,0.1643835616438356,BB-
324,2017-02-28,BIIB,0.3004841723766918,20.99780139245145,2.260475452498611,14.568340051300845,0.1998075228254272,0.3234225421004822,0.4698296964610436,1.0235414212799372,1.2243799472295513,1.431357642036317,A-
325,2017-02-28,BOKF,0.02250966245716684,,,,0.6035946932670375,0.1547882860976744,0.8991111726400733,7.906600009680476,0.4813381481675668,,BBB+
326,2017-02-28,TRU,0.1268327571820241,3.7209302325581395,1.4733458344495043,2.4023255813953486,0.3426881661224035,0.07073728664437796,0.6919183468585293,4.059466848940533,,0.5759442807393517,BB
327,2017-02-28,PYPL,0.07453536396489417,,1.5246474700793933,,0.334317864143984,0.1292197011621472,0.5555689816632934,0.0,,0.2947624126081289,BBB
328,2017-02-28,QCOM,0.1579873570789544,21.22044728434505,2.5250222801124287,16.619808306709267,0.3239226445951667,0.2056102279417949,0.4004553171410364,1.4672059738643435,5.305729417428984,2.1584972921094123,A+
329,2017-02-28,GILD,0.3581458609028084,19.154564315352697,2.0455580865603644,15.005186721991702,0.2013344121199329,0.4442579795985522,0.6601611176439616,1.352047623935133,1.8294748729531338,1.2902700943703223,A
330,2017-02-28,ROP,0.1060912514332495,9.51033085631818,1.103286440199492,6.9040059520074575,0.3742897237541593,0.1737883995065865,0.5958886910907121,4.7792793139489955,6.556484320370071,0.5239152214946391,BBB
331,2017-02-28,AES,0.09291616988036015,1.4389460154241644,1.0965477996965098,1.0051413881748072,0.4697315069538723,0.0005888414544383925,0.8205376671557906,6.036283185840708,15.328735632183909,0.4516312594840668,BB
332,2017-02-28,MHK,0.1663647774050016,27.564879211353052,0.6606142764648754,21.157339399848336,0.4144444588852681,0.1038456262340125,0.4323709977405031,1.5039936592502539,3.4811975728349043,0.0447574237028753,BBB+
333,2017-02-28,AGCO,0.0841130383256399,4.591743119266055,0.7696862324583895,3.448012232415902,0.6282291079457683,0.02160448012954591,0.6042073545003069,2.949034614715603,3.8605949220611264,0.2003356799850809,BBB-
334,2017-02-28,BSX,0.1261972453007259,6.334763948497854,0.6367437970448843,2.4892703862660945,0.2291400488857787,0.04137848795611734,0.6279288240495137,2.3989501312335957,2.1877219685438862,0.1223863953164204,BBB-
335,2017-02-28,DHI,0.1308477953266125,9.905292479108637,,7.514623955431754,0.684217964446528,0.07390874975311082,0.4219159819102309,2.2660187306292956,1.0657539749317382,,BBB-
336,2017-02-28,KSS,0.1616154292343387,4.134615384615385,0.3224123182207014,2.9198717948717947,0.701948051948052,0.03174687301250795,0.6115629485150701,2.09185733512786,2.882833462524596,0.2076133447390932,BBB-
337,2017-02-28,SBUX,0.3657208497434061,44.10835214446953,0.7354936547210471,33.527088036117384,0.07164810567975692,0.1329577906649504,0.5884013352980105,0.6825718947583113,11.781109790236608,0.4659190677627903,A
338,2017-02-28,CACC,0.1669427136735284,6.437052200614125,,4.406345957011259,0.3346404487640366,0.3433759801898473,0.7217401612138454,4.100314960629921,,,BB
339,2017-02-28,SITE,0.1504995394317296,3.9542857142857146,1.0803234501347707,2.7485714285714287,0.1228074710390628,0.01856570804514015,0.7996229464045246,3.6393596986817327,4.077407740774078,0.08787061994609165,B+
340,2017-02-28,MTCH,0.1790770577757203,3.6688520203371686,1.183529976787001,3.0854234072055853,0.1193440658171679,0.1402432340907269,0.7546788709597116,3.3058049324645182,,0.812137997278476,BB
341,2017-02-28,MTCH,0.08719413893695128,2.6595454128860783,2.58307540917425,0.619934011547979,0.4131180987290702,-0.01320718421902479,0.5601478990062795,3.7294390076451354,,1.9884396709784857,BB
342,2017-02-28,HPE,0.09340847100634363,11.408536585365853,1.204695752518752,10.637195121951219,0.8437208210100177,0.06306486044330946,0.6044378066993813,2.1471331648263936,16.358006042296072,0.5764058408415073,BBB
343,2017-02-28,FTV,0.1876704501181787,25.879591836734694,1.3256733719740879,18.802040816326528,0.1448954501082094,0.1401442732516106,0.6714205475103178,2.3237146218254794,5.632599531615925,0.5476986021138766,BBB
344,2017-02-28,AGR,0.06471991233159285,4.145833333333333,0.6910029498525073,3.1875,1.5933831672049543,0.1046859421734796,0.5170078891053691,2.5,10.242656449553001,0.03466076696165192,BBB+
345,2017-02-28,VVV,0.309208290859667,21.94736842105263,1.3202894891862327,15.736842105263158,,0.1427115188583079,0.9742096505823626,1.6362637362637362,8.314121037463979,0.3433476394849786,BB
346,2017-02-28,INTU,0.3334100851945659,32.7027027027027,0.6898196143479163,22.81081081081081,0.03373450526236675,0.1695734397982769,0.7718635531135531,0.7501726519337016,,0.3765291312461124,BBB+
347,2017-02-28,HUM,0.1142891359453903,12.687830687830688,2.069803119406801,4.248677248677248,0.3507568369889508,0.0111774557634894,0.5792644510946606,1.4292699965071602,,1.4666325747890565,BBB+
348,2017-02-28,MCHP,0.1424721443049575,3.7258250950570346,2.8676283942991785,1.7683574144486691,0.2127431069949696,0.03298922419703878,0.6400888288071636,3.3233765087490896,2.881540818685709,1.9254253883284151,BB
349,2017-02-28,ORLY,0.2765203600666903,21.546028606208154,0.1408551720568632,14.157980827754109,0.0664309682822603,0.1207586881375467,0.7741402953198478,0.9832464208523259,1.4285121731256116,0.04310883010860574,BBB+
350,2017-02-28,JBL,0.1233411085849013,3.812791081447797,0.6076675520247208,2.5419487329935087,0.626652422594272,0.01151983119787296,0.7579115669697073,1.7544496421237075,6.739561497813459,0.1545894479749637,BBB-
351,2017-02-28,CHK,-0.1546157643574132,-6.318098720292505,0.5315241228070176,-7.045703839122487,,-0.5590701219512195,1.0923395762972061,-4.444870157513836,,0.2417763157894737,B-
352,2017-02-28,RGA,0.02404490925491455,7.386944019577853,,5.291483634138881,1.2190608717940565,0.060881163937612,0.866414965464063,3.158385687278152,,,A-
353,2017-02-28,ALL,0.02757120216068196,9.04406779661017,,7.36271186440678,0.709785342923453,0.05195416297608503,0.8105791363594512,2.158843537414966,,,A-
354,2017-02-28,BWA,0.1698102533349928,11.240121580547113,1.0853810115689835,2.200607902735562,0.3909025027019993,0.01306360930437659,0.6262578242611521,1.478877931769723,9.895515826494723,0.2121139688306721,BBB+
355,2017-02-28,MAR,0.1322215604526504,8.234741784037558,0.654944627938605,4.661971830985915,0.1997635040692612,0.04568884723523899,0.7780861640430821,4.257257257257257,,0.1666990479891199,BBB
356,2017-02-28,COST,0.1478109360518999,28.705426356589147,0.4218377798951882,19.72093023255814,0.1815472380971132,0.02019264536196257,0.6502912707052282,1.0391252006420546,10.908780812791472,0.3233831586469748,A+
357,2017-02-28,BYD,0.1125911432397463,1.467232084897406,0.7917259455436876,1.9665406000395134,0.4470820306307947,0.09408207782503104,0.8000051811796433,6.358709456386265,74.75833088451365,0.5766010768691998,B+
358,2017-02-28,NYCB,0.01972495139798939,,,,0.794494893170417,0.2721324118716289,0.874832981803031,13.969604462630071,0.9271837822674476,,BBB-
359,2017-02-28,EMN,0.1297154628556714,4.989583333333333,0.8144846796657381,3.9652777777777777,0.5209885763866301,0.09480461811722914,0.7018826421685967,3.2724565756823822,4.2178286507110645,0.1008356545961003,BBB
360,2017-02-28,LNG,0.01014251892558472,0.03275004630380367,1.9301725971491703,0.5312049210376049,,-0.4753792764308933,0.9646287262099731,101.24344121556753,8.974131451712417,1.6121333483178208,BB-
361,2017-02-28,MLM,0.1323483167944329,7.755937573339592,1.0332480771623234,5.991621685050458,0.3431844828145308,0.1113940717234885,0.4325922608224597,1.803095512058469,5.30282357572179,0.09154610053641865,BBB+
362,2017-02-28,ALB,0.07985240507529695,7.301182309568293,2.5053482009958747,7.297246031632842,0.4344179602692607,0.1649273514186261,0.5169092022785355,3.3382252862680115,3.146696892880121,1.9908341614748841,BBB-
363,2017-02-28,WRK,0.09261556237976813,4.321512081060016,0.9954739916161081,1.7922837100545594,0.9976312803615996,0.01436942062891837,0.5707996165881629,2.659828734964003,5.980268294414082,0.1624944771921506,BBB
364,2017-02-28,EXP,0.1876274617953147,13.531152408744177,1.396172830449682,11.296984590180722,0.2785091729457544,0.1697753587650429,0.4305202039388393,1.3638321063037588,3.426551879596825,0.4082558712260146,BBB
365,2017-02-28,LW,0.2790676500045525,34.44295302013423,0.6969561574979056,22.261744966442954,0.2446868053776276,0.1031015068181079,0.5909010011123471,1.2036296900489396,4.179040119985002,0.1199664898073164,BB
366,2017-02-28,PENN,0.1613179006205333,1.1854082896658924,0.7444584908896993,1.2379703184766069,,0.03602383353436286,1.10922137853896,6.043245072162977,,0.4279380066975439,B+
367,2017-02-28,DAR,0.09259983985444611,1.5858664146856785,1.2448506255380647,2.0862751759797,1.09127535487631,0.03010875146956475,0.5580641789929667,3.9859746491954944,7.822747476302861,0.2541922005262797,BB+
368,2017-02-28,COF,0.02176879410662426,7.982608695652174,,5.683229813664596,1.1341398160175162,0.1371158392434988,0.8669198645503357,8.037755915979792,20.51669234720082,,BBB
369,2017-02-28,ABC,0.06705819520949903,11.890747665447268,0.4684150823202286,10.098406215556473,0.2557708583458355,0.009072462152814405,0.9369895398017366,2.06705111416924,13.31584261869175,0.09077343021074347,A-
370,2017-02-28,DLTR,0.1394480731799263,4.321246306741875,0.5716954141889415,3.1579371474617246,0.3669811214932304,0.03928760049292881,0.7056577733324029,3.2067021229642054,4.486505305039787,0.4148155153865251,BB+
371,2017-02-28,DRI,0.2027568666799019,16.495121951219513,0.4590932442846134,11.717073170731707,0.2322966254965159,0.06281988962914248,0.5800063627788599,0.5375780671112522,31.224810633128488,0.1545723092730542,BBB
372,2017-02-28,RS,0.1084848860172436,3.860259032038173,1.7620426829268294,3.074301295160191,0.8260733398348372,0.0353286739266724,0.436117820085545,2.447291640238488,4.049248804150104,0.1871951219512195,BBB
373,2017-02-28,WAB,0.1158659143135561,18.172191894725426,1.5270713702589245,12.022269621488737,0.3094673330906814,0.1040148226589356,0.5476649661192236,3.3064130693013962,3.447154299946178,0.7902676479757562,BBB
374,2017-02-28,DISH,0.1243760195095361,2.4641199034460315,1.7266441916216597,2.6157555481755717,0.2683535452295536,0.09605134617354251,0.823239568405737,5.197973033714954,22.61590597348108,1.1836039651191426,B+
375,2017-02-28,DVA,0.1370279662955886,4.287398332132194,1.4149630346623052,3.058801231713823,0.4369107078584754,0.05967227768130508,0.6892951737442157,3.569885362415702,60.7633185230843,0.4537029310814795,BB
376,2017-02-28,EL,0.2443389853126381,22.16457286432161,1.0321795477116946,14.581658291457288,0.1354368783689868,0.09500667885264341,0.6141747582876507,1.2174358274167123,1.449748391106478,0.4331743214861366,A+
377,2017-02-28,NTAP,0.08398631497627193,9.452830188679245,2.017605004468275,7.0,0.2977334255677112,0.05888888888888889,0.6818619229606004,2.23784494086728,19.64021164021164,1.7087578194816802,BBB+
378,2017-02-28,SCCO,0.1717703997676895,4.36053288925895,1.5572572572572572,3.1551484873716347,0.2428105414340115,0.1443362206773486,0.5563875686662687,2.6842484897664773,3.2491968301563503,0.6015015015015015,BBB
379,2017-02-28,HIG,0.005312320155828058,2.9911504424778763,,3.6430678466076696,0.9486117730611638,0.04931476691067203,0.9243483475956891,4.410833333333334,,,BBB+
380,2017-02-28,THG,0.02606805110794572,6.091074681238616,,3.843351548269581,0.740510580425539,0.03156213352743742,0.7990562853365587,2.1539304300191726,,,BBB
381,2017-02-28,TRV,0.05105049668461151,11.818181818181818,,9.303030303030303,0.6784086492267642,0.1096039855994763,0.7683575240660382,1.258209538702111,,,A
382,2017-02-28,SRCL,0.1151688944081211,5.695521899639011,1.4250966652113926,3.1102907339421395,0.4153247384809352,0.05792790248662257,0.5965098299284205,3.6444210827998726,,0.08151562209290544,A
383,2017-02-28,PAG,0.0787263530721757,4.168963016678752,0.2395734821259694,3.493836113125453,0.5305270651927305,0.01709371971071402,0.799178431571701,7.816581402347276,4.992039815475065,0.005674295441649328,BB
384,2017-02-28,NOV,0.01345450746892301,-3.6285714285714286,1.2753528060387267,-21.97142857142857,1.0583959392448792,-0.332643773272652,0.3376064333017975,9.98136645962733,1.1472070982052833,0.4620938628158845,BBB+
385,2017-02-28,STLD,0.1821934015501892,5.795339787523395,2.3210285978830414,3.5725759758708446,0.3891452008453482,0.04913329619013955,0.5503082943061759,2.0491110009824633,5.099102903941721,1.1805068636322187,BB+
386,2017-02-28,VSAT,0.1133162218119333,0.5554632720535385,1.5647366049352815,1.344471242153684,0.4492275921493468,0.01429810220487913,0.4964025354588886,3.50324716187983,5.268465836994055,0.388978109595527,B+
387,2017-02-28,DGX,0.146745090220317,8.23611111111111,1.4770642201834863,5.479166666666667,0.3827549780386488,0.08582834331337326,0.530990099009901,2.536684782608696,53.0,0.3659531090723751,BBB+
388,2017-02-28,FCN,0.09149229545890274,6.235746806881824,2.0693900199495316,4.445747209798944,0.7288319904261465,0.04723833596443647,0.4574569239784161,1.7938175697228753,,0.5711590545771624,BB+
389,2017-02-28,SLGN,0.146087656882951,4.617429049377019,0.4168073564818844,3.2114530456852792,0.2725154306274769,0.0424452394936608,0.8509505015256923,3.3709365805430767,4.770234123764013,0.02864850752763032,BB+
390,2017-02-28,EEFT,0.1346636263231345,8.81593251447127,1.2779857518446274,7.156113228857828,0.2490896795992702,0.0890501706563056,0.6680429448938248,1.8288899249777473,19.47724383083815,0.6887354762106692,BBB-
391,2017-02-28,AMZN,0.1439743090173737,8.400826446280991,0.7832755157933176,5.898760330578512,0.0550116317855682,0.01743549015714737,0.7687705330807415,1.9048063462435838,7.547272392185772,0.5929569107175461,AA-
392,2017-02-28,QRVO,0.1209516370769125,2.014326250951623,2.2840048942860522,-0.3380579970932246,0.7509448082574381,-0.03224791678550972,0.2546233330591536,1.2086445618509747,3.373000810400018,1.0654944939281905,BB+
393,2017-02-28,RL,0.1628198391204171,38.44444444444444,1.5510078157136982,9.11111111111111,0.4881265637829486,0.02098304110376545,0.4041208340174027,0.9468718967229395,2.6136162687886824,0.9366515837104072,A
394,2017-02-28,JLL,0.09409768681459235,11.23841059602649,1.1123959141017428,8.024282560706402,0.615354635671005,0.04676798259795996,0.6301806170865336,2.8386848978337684,,0.1114856892424906,BBB+
395,2017-02-28,BFAM,0.12617955019095,4.632554354144867,0.3983667887919913,3.203464713405418,0.1938428145587426,0.06036280107348452,0.7084094773373826,4.009599060831544,,0.03775478610867434,BB-
396,2017-02-28,YUM,0.3084188002656238,5.357357357357357,1.056245434623813,3.984984984984985,,0.1561420043983663,2.032493610806864,4.366985645933014,24.09056603773585,0.5544192841490139,BB
397,2017-02-28,SPB,0.1107253867914644,3.0295113691340103,0.9306407917288663,2.4334784712143205,0.3203110655838624,0.06698770121179237,0.7489013753478831,4.8119164774161,3.0873136598722235,0.1850500359374136,B
398,2017-02-28,CHH,0.3161535236556358,5.3792070799624545,1.3079820076763202,4.114714164394583,,0.1507298508285919,1.3652324779346556,3.3881933751985103,,0.7678709589332038,BB+
399,2017-02-28,INGR,0.1882829771554901,10.727272727272727,1.4959100204498978,7.298701298701299,0.3023587483366291,0.08053802723347725,0.551193358699412,1.913894324853229,5.460106382978723,0.5276073619631901,BBB
400,2017-02-28,URI,0.2250841261268747,3.5707317073170732,1.0920608108108107,2.3804878048780487,0.3985533879514316,0.0982297813259285,0.8625291958625292,2.8755998523440383,34.07299270072993,0.2635135135135135,BB-
401,2017-02-28,AMG,0.1045246433085963,7.668054110301769,,5.919875130072841,0.5195599689749724,0.2154378930101158,0.417082899955424,2.441384099062608,,,BBB+
402,2017-02-28,VRSN,0.3174296492409174,5.941054307569832,1.2105149384112082,4.8129953964902565,,0.3857973483737492,1.5142677115976717,2.5068554218323467,,1.18131882211559,BB+
403,2017-02-28,CIEN,0.1068268485500564,2.9461133860491384,1.9730429147110204,2.2811352725218867,0.2829179730479505,0.0279107719721769,0.734134806528631,4.327330462249045,5.6325514155337535,1.1805223229602788,BB-
404,2017-02-28,RSG,0.1288088373763553,4.7310491206792,0.6846026490066225,2.8574893875075804,0.397221058763803,0.06525560041330677,0.6270552991817583,2.8859037642714496,139.22705314009661,0.03741721854304635,BBB+
405,2017-02-28,GS,0.02044192476590999,2.6561049767962874,,2.183869419107057,0.7620525420578701,0.19522879611548,0.8983927502281539,24.93936121845874,0.06881937710631776,,BBB+
406,2017-02-28,EBAY,0.1434473481936971,10.333333333333334,2.306992461658435,33.37777777777778,0.3715796130701083,0.8113375654304488,0.5580576173103535,3.0006697923643673,,1.8583311671432285,BBB+
407,2017-02-28,NVDA,0.2331604437879985,29.627450980392158,2.6475588491717525,24.92156862745098,0.1411019719860963,0.1987618116650375,0.4084181166999461,1.0743959929286977,4.743538767395626,2.3257410636442892,BBB-
408,2017-02-28,EWBC,0.02462055197633856,,,,0.4677588663477293,0.326929208519546,0.9014700978819645,1.1107199074662224,3.8458430819757896,,BBB
409,2017-02-28,MKSI,0.1556144456503621,6.988900994144083,3.0463548251158867,4.568330382677379,0.4103405577144701,0.08091222240921701,0.4386726226154281,2.2574224568959163,3.194343057176196,1.784125579435314,BB
410,2017-02-28,WCC,0.0878825794255359,4.336389160953314,1.5064903205519196,2.3266470780280772,0.6711741433213005,0.01384784141040022,0.5524339432071012,3.546243955509542,7.217634237772662,0.1228048265103474,BB
411,2017-02-28,SBAC,0.1470286152412328,1.264993918135272,0.3715978187571771,1.2156600944810614,,0.04668228090317642,1.2711501036891324,8.088250442012315,,0.2096498127533783,BB-
412,2017-02-28,JNPR,0.1209912616206219,9.223241590214068,2.235439829483265,7.041794087665648,0.4626325663985673,0.1187751748461955,0.4860974473152799,1.9856186685962376,21.38481012658228,1.5005472665476123,BBB
413,2017-02-28,BLK,0.02186162832986858,22.663414634146342,,16.473170731707317,0.5467339671424845,0.2843567906768265,0.8667254072859563,1.0094475251591704,8.916312056737588,,AA-
414,2017-02-28,LII,0.2985612556314489,16.209964412811388,0.6610398379473328,10.914590747330962,0.005712132162331049,0.0765048330404218,0.9784127705504744,1.6904205607476637,5.9882957124089335,0.05649336034211119,BBB
415,2017-02-28,A,0.1260388718015837,9.944444444444445,3.2825396825396824,7.416666666666667,0.3056794264626894,0.1099476439790576,0.45578056908485,1.9854620976116304,3.35195530726257,2.422222222222222,BBB+
416,2017-02-28,EXPE,0.08779663593888731,3.3439427541756186,0.5631042117457278,2.627786633400328,0.2716740932367573,0.0321246872992549,0.6391642274406932,2.300712424055071,,0.3081109831932965,BBB-
417,2017-02-28,PKG,0.2110725392348304,8.584305408271474,1.5553245922609529,5.767762460233298,0.2621025603852452,0.07779892715002595,0.6953782239916911,2.2849066301182113,5.913310482719223,0.3826351135273425,BBB
418,2017-02-28,EW,0.2012066329805235,41.192708333333336,3.4617840375586857,30.661458333333336,0.1325420186292173,0.1921584505854169,0.4192904656319291,0.9538336619881683,1.9720298710115411,2.3870422535211264,BBB-
419,2017-02-28,MET,0.002313281330468842,0.8229007633587786,,1.6106870229007633,1.2631967158661885,0.01267627951196324,0.9249191111348474,11.671046228710463,,,A-
420,2017-02-28,ON,0.1314063368538077,2.5106675843083273,1.2238120590975643,2.253269098417068,0.4012570911387783,0.04660984412193811,0.7287996071861822,5.107586012408348,2.5866561833089974,0.6960601623851991,BB
421,2017-02-28,NRG,0.07173015797713364,0.8161231884057971,1.2058420812414423,0.2989130434782609,0.5329256544302472,-0.06266699052708283,0.8520177894910229,8.477072310405644,8.534066864155735,0.5524874486535828,BB-
422,2017-02-28,ILMN,0.1811607852921064,17.50583165064344,2.8636600370388767,14.94319038003677,0.1173800166195772,0.1929011875967583,0.4593806942951922,1.7620272771607812,2.070279728240975,2.2120071239525165,BBB
423,2017-02-28,CRL,0.1644040108804955,9.963780588191273,1.3058848724257612,6.780326274040261,0.2473225690331637,0.0918770429015268,0.6851596725422229,3.142916401577809,10.039806296421338,0.2838244571024202,BBB-
424,2017-02-28,ENTG,0.1570544743187732,4.444634424360854,2.357302606175761,3.6365684199098953,0.3554744017697464,0.08265930381954785,0.4709025778861475,2.217600406595032,3.3904711175901654,1.5536470021523792,BB
425,2017-02-28,MCO,0.3141416364454055,10.675123326286116,1.3397166625483898,2.8787878787878785,,0.07396925808778648,1.1928368967394365,2.048735912275358,,0.9162754303599375,BBB+
426,2017-02-28,GPN,,,1.0925855798616808,,0.313092010549432,0.05495633839102903,0.739380084112018,6.444082488584384,,0.4077128118386118,BB+
427,2017-02-28,PRU,0.009655172413793104,5.3799093655589125,,4.2990936555891235,1.0259841465743067,0.07417974322396577,0.9412114362685946,3.8879182905523453,,,A
428,2017-02-28,MDLZ,0.07536520851255417,6.252427184466019,0.4169383366858569,3.6844660194174756,0.4410466851210546,0.06399722254368707,0.5902531768988267,3.6695114145508856,5.926348956282001,0.1299854338628009,BBB
429,2017-02-28,XPO,0.09872810332927992,1.5550013854253257,1.1105213061941719,1.1911886949293433,0.6738533624169013,0.004719755940736282,0.7403405593927375,4.060419440745672,603.0074812967581,0.1366964416459218,B+
430,2017-02-28,ZBH,0.1090607544166563,5.3277451802179385,1.1355028343481,1.8547080189997205,0.6134600075741767,0.03981051289058941,0.6376197328776363,3.824385929101177,0.6863652545389819,0.2662607600251942,BBB
431,2017-02-28,GME,0.1851770472407674,14.415011037527593,0.4499685929648242,9.660044150110375,0.8730187677556098,0.04316918844566713,0.5308816154223455,0.8490933430692467,4.689135960572017,0.2464824120603015,BB
432,2017-02-28,CNC,0.1159936083672284,6.548543689320389,0.9700800185550272,3.7135922330097086,0.6067847059073921,0.01383252499257646,0.7002525127494182,2.9148403256105198,,0.5143221616606749,BB
433,2017-02-28,WTW,0.1882200916429637,1.7437565126780132,0.6928533318740853,1.5878690517540812,,0.05811561830952303,1.9464175562717154,7.900360631934471,17.4233218118974,0.3716157981859721,BBB
434,2017-02-28,AYI,0.2160758199552375,15.50595238095238,1.5273704995168678,10.050595238095239,0.1637987017914108,0.08928623858598317,0.4280562822597753,0.6049872122762148,6.221404682274247,0.5989581145233793,BBB
435,2017-02-28,PFG,0.008049694179675765,9.712477396021699,,8.93550331525015,0.6728032775047845,0.1082523393688227,0.954426981114781,1.7707325212748204,,,BBB+
436,2017-02-28,JBLU,0.18790984735769,11.81981981981982,0.6837606837606838,7.837837837837838,0.7308544458768003,0.1144451145958987,0.5770001054073997,0.8117302052785924,83.56043956043956,0.4367971210076473,BB-
437,2017-02-28,AAP,0.1367117907683823,14.150812446549569,0.2303823183931865,8.55907506085126,0.2702339289291776,0.04803902806521833,0.6492867797397799,0.9278103425122308,1.1876200792505407,0.03677266280128159,BBB-
438,2017-02-28,NFLX,0.03676591347242927,2.5300305101456226,0.434735799951904,2.2435748830888524,0.05033368729071129,0.02113973471319104,0.8027616896341323,7.693001250797469,1.800994676812963,0.3780055931803926,B+
439,2017-02-28,CME,0.03619546163583829,18.213765182186236,1.0278824822316257,13.421862348178136,0.7082085876500833,0.4260560446579832,0.7067770515529902,0.9016042348567503,,0.05088893225422127,AA-
440,2017-02-28,ACM,0.06035002373752556,1.8909509634098483,1.163055910866697,1.6487012497968534,0.6011877880903476,0.009366956732964836,0.7362056630999646,5.1110999556319205,,0.1278804647198518,BB
441,2017-02-28,NXST,0.1715335209662379,2.679284415728515,1.9159237886252622,1.7812790727448085,0.1547402228544078,0.0829748275455724,0.9041315403975274,5.698408149884042,,0.6034402726054711,BB-
442,2017-02-28,WYNN,0.0824345598842774,1.3618142138128355,2.046758422115073,1.6316829563728252,0.02549303838274372,0.05417799129793652,0.978426421524572,10.929878496360072,33.41510774901526,1.854520331483209,BB-
443,2017-02-28,NDAQ,0.08796278497558725,7.214814814814815,1.0612444879960803,1.8,0.550050947775884,0.0291497975708502,0.6162544169611307,3.1494755244755246,17.18982303409438,0.9152376286134248,BBB
444,2017-02-28,MOH,0.06659536541889483,3.0297029702970297,1.310284463894967,1.5148514851485149,0.538020318026914,0.002924305477449106,0.7786280037588938,3.5224839400428265,,1.001531728665208,BB
445,2017-02-28,LKQ,0.1438040873810375,9.033573922121072,1.3481807257275238,6.119972611043138,0.3864319700479117,0.05313622469443551,0.5853466838504051,3.3314169561004396,2.990909817288502,0.1878120392968198,BB
446,2017-02-28,AIZ,0.03189171635628285,14.364324268036585,,10.81186761311373,0.7889030712155763,0.07686111366023268,0.8620592297424549,1.1198770782146534,,,BBB+
447,2017-02-28,TPX,0.1720759224351916,4.550469483568075,0.8702108157653529,3.3720657276995305,,0.0646244364147987,1.0017020646784578,4.0956616052060735,8.897979797979797,0.1204399633363886,BB
448,2017-02-28,MA,0.3577724358974359,61.873684210526314,1.8356924784901472,43.72631578947368,0.05140070735329363,0.3766703786191537,0.6956358768406962,0.8297872340425532,,1.2320288648348598,A
449,2017-02-28,WLK,0.1388149346163388,9.32057288478873,1.3584980935403517,5.438621871557182,0.716796605172334,0.07858584529153637,0.6426120678739051,3.3509046410267853,5.889424851841056,0.5240376203529253,BBB
450,2017-02-28,MOS,0.06984477317381492,2.5237297599106645,1.1285211267605633,2.662758235622557,1.0312766922656658,0.04157592003127269,0.428616387679847,3.1919411469653904,3.7965206796182227,0.4557827735644637,BBB-
451,2017-02-28,LVS,0.1833250390814007,8.607142857142858,1.0876692801140413,6.422077922077922,0.1501850523834252,0.1463628396143734,0.6337876789291124,2.525,131.80088740361057,0.7619387027797576,BBB-
452,2017-02-28,ICE,0.03576473529595599,12.831460674157304,0.9746831124076633,8.98876404494382,0.5563019252365958,0.2386706948640483,0.8074460690462544,2.2243970639636492,,0.01891942610505485,A
453,2017-02-28,BLDR,0.1284992467961861,1.6635340968179686,0.893351901491592,1.9153001306294308,0.2529870562990901,0.02266916317852322,0.8935972427795305,4.842546536281773,8.984397278767105,0.0191454318753089,B+
454,2017-02-28,WEX,0.1031995497127714,3.7248405961905537,,1.6156540632741747,0.3451319411554218,0.05953792981560395,0.7489206861253037,4.335938944147503,,,BB-
455,2017-02-28,AMP,0.01449697190729513,7.745901639344262,,6.385245901639344,0.3664728717117098,0.1119345770508561,0.9549996066399182,2.6298984034833093,,,A
456,2017-02-28,HUN,0.1074227997264454,2.7545454545454544,1.2435320584926883,2.5,0.3800494356953251,0.03417210313762038,0.8403525954946132,4.109696376101861,4.982872200263505,0.2390326209223847,BB-
457,2017-02-28,LDOS,0.1012071308657766,5.322916666666667,1.1478174603174602,3.5416666666666665,0.4790770434102464,0.03464432770126367,0.6553876478318003,5.192733017377567,88.5985401459854,0.1964285714285714,BBB-
458,2017-02-28,LYV,0.07932846598047584,1.8314836722813737,1.0805143508387445,0.5586164159765648,0.2438791595489105,-0.005626615362850263,0.7491843165245128,4.513432666903423,418.2049352586265,0.6216911131126379,BB-
459,2017-02-28,FIS,0.1019889177396472,3.9181141439205955,1.3589336718502063,2.4069478908188584,0.4927464498071739,0.06135699599610431,0.6217970880872805,3.928758905136858,,0.2167565852110441,BBB
460,2017-02-28,FANG,0.02724734746473029,-1.6708142592772963,8.551475575851955,-3.018554592383364,0.4058706061505935,-0.3130939259011927,0.2488724559225972,10.011696329959625,201.57693344112099,7.963399604474974,B+
461,2017-02-28,PSX,0.04409725339957898,2.4367541766109784,1.007080207122477,4.711217183770883,0.6499034791831307,0.02193291771277046,0.5406849553752928,4.587330316742081,20.235400633770936,0.2864842016273909,BBB+
462,2017-02-28,POST,0.09440614185216578,3.623169955442393,2.4217837814803773,1.4646721833227243,0.733542634272957,0.01451927284299296,0.6752102857944459,5.189179915360859,6.56947337102053,1.6817658840073295,B
463,2017-02-28,WU,0.1449479566702863,7.245901639344262,,2.660327868852459,0.09448106649531754,0.04669088495085656,0.9042209860291307,2.036325098669785,,,BBB
464,2017-02-28,HBI,0.1624269744149611,5.9212757550830055,0.9094984035405341,4.477799296572899,0.1498374457377561,0.08906922283089859,0.8228197553640599,3.678646238289348,1.9750654347667287,0.2871287561091557,BB
465,2017-02-28,BR,0.2251651915474266,13.524725274725274,2.005872450377794,9.173076923076923,0.1350830583437332,0.08620190078813167,0.6477539908427175,1.7324838120537935,291.2682926829268,0.6050972869279254,BBB+
466,2017-02-28,DFS,0.05072415255182879,6.20112517580872,,4.365682137834036,0.3840343207808046,0.2279698961608078,0.8773345755514148,5.596788385393753,,,BBB-
467,2017-02-28,AMC,0.07502730890204035,2.191077614224475,0.5504603974133654,1.9187901626665131,0.5484581111395715,0.03450936787473817,0.7673257353381068,8.599507642207081,122.19654683614901,0.1935863907365518,B+
468,2017-02-28,MSCI,0.1828240013548297,4.801762894609989,1.9674413403656559,3.566182329736058,0.0572479212459775,0.2266985553621415,0.8969677328521776,3.6441750650180786,,1.4757328959874758,BB+
469,2017-02-28,PM,0.326464897538379,10.116931711880262,0.5217100868403474,7.517305893358278,,0.2610830054337643,1.2957857317304822,2.5148814673818998,0.9973699256718125,0.2574239387866643,A
470,2017-02-28,AWK,0.09675293553798227,3.459214501510574,0.3114548494983277,2.4138972809667676,0.6081275583162824,0.1417322834645669,0.6977525486561631,4.447058823529412,43.81818181818182,0.03971571906354515,A
471,2017-02-28,V,0.1900634472291899,19.96840148698885,2.1626138360760505,12.37546468401487,0.1702576069216778,0.3830266616597822,0.4845397763825438,1.4215242658149232,,1.7683335996165521,A+
472,2017-02-28,ATVI,0.1604134177292603,6.723502304147465,1.8000753012048192,5.451612903225806,0.3403847728417552,0.1461864406779661,0.4774810909924364,1.8631338162409454,13.898305084745763,1.2266566265060241,BBB-
473,2017-02-28,VRSK,0.1955084581268486,6.5841666666666665,0.8058236808236807,4.7625,0.1221235739231117,0.2262931034482759,0.7122991881153913,2.3829489867225715,,0.2294079794079794,BBB-
474,2017-02-28,BERY,0.1507459794613447,2.3274647887323945,1.0196407185628742,1.9964788732394365,0.08792419860197169,0.04436432042639912,0.9768583222283616,5.00706940874036,6.853410740203193,0.2639520958083832,BB-
475,2017-02-28,H,0.08354512870641903,3.7848101265822787,1.2023809523809523,3.5822784810126582,0.5478059686199311,0.04606005870399639,0.49567686153052,2.4399375975039,173.65,0.7619047619047619,BBB
476,2017-02-28,FAF,0.07031072224204336,15.571552741044268,,11.647327249022165,0.8070862333032164,0.06160437223953347,0.6586928089330154,1.2264541702668192,,,BBB-
477,2017-02-28,TSLA,0.01960292277387805,-2.629887454633586,0.7194677196947661,-1.7491293314487517,0.137924317150861,-0.09641446761289645,0.7390624263702611,24.069734192709454,2.6627128513744087,0.6004345285442522,B-
478,2017-02-28,FLT,0.1086335666092039,10.479901524424168,0.7668231645126472,7.292213753199064,0.2887346127718246,0.2469962534383521,0.6796381160294065,4.054665315893791,,0.1952997253298984,BB+
479,2017-02-28,CBOE,0.8272016698339801,,2.6161748828511957,,0.0529367517402354,0.2827020790141047,0.306471680496837,0.0,,1.082978083990962,BBB+
480,2017-02-28,HHC,0.04513802837033844,1.3606113725128395,,2.555363348402374,0.609836831798141,0.1954608914932778,0.5961432814930846,9.862140626603528,,,B
481,2017-02-28,TRGP,0.07847685541380062,1.0338316286388671,0.7443473792394656,0.2631785995279307,0.5976264213025647,-0.0279932445560388,0.5404313506122195,4.76148668422593,40.65877287405813,0.0629496402877698,BB-
482,2017-02-28,AL,0.0941157919226953,2.404232551882697,,2.146265179586895,1.146889313255794,0.2800033159024408,0.7579937084705247,7.032603537497538,,,BBB
483,2017-02-28,HII,0.1653199741435036,11.013157894736842,1.4385703648548027,8.539473684210526,0.1942517008481502,0.08106960950764007,0.7397670025188917,1.249266862170088,21.90707070707071,0.5361131794489948,BB+
484,2017-02-28,ARMK,0.127601346379917,2.964887080614637,0.9696948691347986,2.148412952063575,0.2546853430441965,0.02214551590385028,0.79393148686012,4.07523979203508,22.50248964106509,0.08403888783801441,BB
485,2017-02-28,MPC,0.1024586418060506,3.966453674121406,0.6640078365519172,2.8753993610223643,0.6551864223165117,0.02102699120591765,0.5225947357755613,2.35771632471008,9.14327727230953,0.1248250769661349,BBB
486,2017-02-28,FBHS,0.1556095172427577,13.721757322175733,1.0845989558614144,9.627615062761507,0.3078740581529006,0.0827298441292704,0.5392414936141172,1.8380426406370407,5.663752645624367,0.2984100616990983,BBB+
487,2017-02-28,XYL,0.1189470847183541,8.964912280701755,1.0638126009693054,5.56140350877193,0.2861886234946873,0.06894722885176346,0.6590979301822675,3.5770392749244713,4.521465968586387,0.2487883683360259,BBB
488,2017-02-28,ACHC,0.112625915499847,2.454940024817317,1.2345792075598268,1.0338783951468358,0.7828344926110682,0.00218541015484643,0.6372485653289461,5.666242707821696,411.8773888769594,0.1664299359806338,B+
489,2017-02-28,VAC,0.112691987477136,7.292518403378596,,5.028154969645424,0.4615459183796003,0.07583113179681268,0.6203848008232768,2.7335268838733837,1.5681378860150574,,BB+
