,public_date,roa,intcov_ratio,quick_ratio,intcov,bm,npm,debt_assets,debt_ebitda,inv_turn,cash_ratio
711,2021-12-31,0.1786785794990353,17.33828996282528,1.3496088264794384,14.45724907063197,0.1647870739304987,0.1711260281743406,0.5367325930156602,1.4637714997276052,3.0500023697805583,0.6851755265797392
1438,2021-12-31,0.07017470841507743,3.1089724830144507,0.6569107162865222,3.261094984616115,1.0458047882445978,0.1526306221217164,0.7152178914695214,5.158377393402773,6.5472847846261955,0.01838673396924114
1533,2021-12-31,-0.0751126388711291,-4.232435597189696,0.8621992711233039,-0.8963700234192038,,-0.1322958787730262,1.1101643111232222,-9.21274784698578,14.58449074074074,0.7628461155713344
1920,2021-12-31,0.3734988971489258,87.14285714285714,1.9107949220414076,114.4,0.05721854984332252,0.2672367357931592,0.3509656573568649,0.168270632837562,4.476261348414942,1.0911646928516656
2736,2021-12-31,0.1359391247354775,13.0217519106408,2.8303383230324033,12.927101704879483,0.2596134831268953,0.1965320158868546,0.4754869839756955,2.3242371970703846,13.659718178642134,2.072380407988282
3485,2021-12-31,-0.0223173288513853,-5.303703703703704,0.9391352859135286,1.0962962962962963,0.5491038725577849,0.002556538839724681,0.7762727368680294,-14.725931677018634,84.57894736842105,0.7864993026499303
4480,2021-12-31,0.3109203206447939,126.32089552238806,3.007441154138193,112.81343283582089,0.1951675544293893,0.2932610440194946,0.3833913417998533,1.1332300178454024,2.576345357776464,1.5491268033409265
4923,2021-12-31,0.1600906372271332,2.937238493723849,1.5559436488531844,1.4121338912133892,0.2461478586576603,0.03004422754308373,0.6628722457738002,2.9830480579328507,10.996363636363636,0.9842822214460356
5410,2021-12-31,0.1247813547980638,18.952513966480446,1.1478734254341232,16.287709497206706,0.1383209015305228,0.1580193445936192,0.7175544222597675,2.821876567987958,4.679442137762163,0.6931931070108746
5909,2021-12-31,0.0607065559811564,38.77470355731225,,31.74703557312253,0.1874045656865048,0.1898845412161008,0.8711100642080913,3.5933211742226856,,
6414,2021-12-31,0.03160649847450014,21.082644628099175,,18.512396694214875,0.9710398419826448,0.1925313465382519,0.7939835619495081,1.5610717100078801,,
7366,2021-12-31,0.07452129778836426,2.7857746240919075,0.3516459656446925,3.0144450076026357,0.7564359873673553,0.1459317553178469,0.7416848464407112,5.993048027331559,8.63628706199461,0.08361090961129453
8059,2021-12-31,0.02133355154450464,5.876281112737921,,5.0915080527086385,1.4032787911285902,0.1180334100652573,0.888606260530703,3.114571679718715,,
9268,2021-12-31,0.141446221232214,15.701903441321065,1.1542677467076237,12.715580486575067,0.2529432086236252,0.1773077747821515,0.4372215339178193,1.8173852772748644,4.8084826689111635,0.5408153375677136
9351,2021-12-31,0.1984177481122222,7.607627118644068,1.292795047174183,5.753389830508475,0.06839107844748839,0.2176815306399658,0.85931437385366,2.752722652468538,0.7205291463188478,0.7825168214424735
10000,2021-12-31,0.08033942066988031,10.223270661436494,1.508027615662063,8.522910861625864,0.4600781373489115,0.1899928480521259,0.2738715942646842,2.401441559975035,2.4937679324661253,0.7139860059083598
10869,2021-12-31,0.3563039902798975,41.19054820415879,1.0221149018576519,36.79584120982987,0.02714260259929273,0.2588179335569424,0.8202574344305731,1.135478612360999,37.909407010619304,0.4991911125987201
11446,2021-12-31,0.3181120013284072,30.800847457627118,1.8597099621689785,25.949152542372882,0.1005399871033162,0.2553006980878463,0.5257696030977734,0.7507503588672844,2.864483136490929,0.8604981084489282
12070,2021-12-31,0.07646610814927647,10.805447470817121,0.9270457238927321,11.171206225680933,0.6951733446929985,0.03261913972322398,0.5846086875712266,2.9279548472775563,6.239701010787395,0.4218228922635945
12970,2021-12-31,0.119843110309485,,0.6590558034139113,,0.01904408610849521,0.3130517323208353,0.8459991418192777,2.7861622073578594,,0.4310435403059504
13594,2021-12-31,0.275009567546881,4.562076749435666,1.177372962607862,2.3566591422121896,,0.08599227357275718,0.9718189581554227,2.3716949624269414,6.005130836326321,0.3876637903483541
14146,2021-12-31,0.08081635249943303,54.34231378763867,1.0562380651494203,43.74009508716324,0.06898493994754301,0.1754994468666623,0.8936686474350015,0.7510094725347284,,0.04533086495170101
15709,2021-12-31,0.02002647026357694,,,,0.9123916953216522,0.2274485339987523,0.9031206983766471,4.26882776686313,57.6,
16533,2021-12-31,0.1438213587333628,13.19205298013245,1.8350244269071778,9.039735099337749,0.2177960036261629,0.09750220865793913,0.5623116468711221,2.319298245614035,3.2666085005608876,1.0013528748590754
16659,2021-12-31,0.2031313774468989,16.425531914893618,0.8483818173435987,12.381458966565349,0.1048238479455651,0.09115141187925997,0.7543826853551573,1.9435581096286771,7.17476151879793,0.1411645382877691
16794,2021-12-31,0.1029681677450453,6.666666666666667,0.9012979172955026,5.077972709551657,0.3416993776288823,0.103318846305808,0.5604462926521367,3.2553114872164204,3.0600820110536637,0.3626622396619378
17048,2021-12-31,0.1461263164653526,6.002290950744559,1.0218675309398972,5.2077128675066815,0.5166355122491241,0.1641859980035459,0.7834280182985137,3.596820597589555,32.904587424886415,0.3228948982017945
18071,2021-12-31,0.2190377908115946,119.17857142857143,0.5431531849758625,95.42857142857143,0.1435468734564852,0.0505226147937248,0.7699495049898613,0.9636211832061069,6.041592213815915,0.4283527610973743
18451,2021-12-31,0.2647263805027173,,1.7171039787381845,,0.1179291679929867,0.08758036917993205,0.5388635582810493,0.4130157561670476,,0.8582458401682339
19075,2021-12-31,0.1520987738871565,5.058565153733529,1.4256905322595335,-2.9568081991215225,0.3210762722121061,-0.1188748130553356,0.6692200280155367,2.6886784488095907,4.079260237780713,0.780226642900821
20162,2021-12-31,-0.01830928185222261,-1.8122730573710966,0.4256977449475606,-2.078794480755265,,-0.1347498569703134,1.1114922268008134,-22.697823760256867,0.71390122500983,0.253004980536326
20635,2021-12-31,0.07152977807370095,6.035714285714286,0.6525049273176181,7.041428571428572,0.8479486778712215,0.04921169716962304,0.6836799298689914,3.031275294540876,48.125144080355675,0.2085696192624321
20851,2021-12-31,0.05392098495557299,100.55449915110356,2.6852940369497045,1131.5030560271646,0.8469520422649444,2.2836487413402837,0.2349343174276713,0.3030733120118595,1.8478745369640075,1.8343630315736468
22079,2021-12-31,0.1618190168802653,6.87140902872777,1.9935307290370738,5.934336525307797,0.3101899180608068,0.3026006711409396,0.668756930131743,2.6314541213063762,18.42281879194631,1.4008459815874597
22221,2021-12-31,0.1285681804088551,6.094059405940594,0.4913754480286738,5.752475247524752,0.3570688526220689,0.1146679407548973,0.7427759553707611,3.579260450160772,5.993299832495812,0.1448252688172043
22473,2021-12-31,0.1216757938100555,8.012228260869565,0.9739960848632349,3.057608695652174,0.2821509280997412,0.08615608679326862,0.5134588837101632,3.2895888817461043,2.807785165100472,0.1614597111263955
22799,2021-12-31,0.06023813746974647,10.651428571428571,0.6004791056694171,7.485714285714286,0.09916962348291122,0.006781382565573281,0.9604689869858384,2.4537424012158056,11.037978170299212,0.1245864861781817
23466,2021-12-31,0.02560464678086604,,,,0.5275541567927652,0.3937823426710917,0.9217141083094382,6.734526451987106,-0.384799131378936,
23812,2021-12-31,0.1355125027166124,8.491886409736308,1.1060323882812277,6.22210953346856,0.1604801238046117,0.1063667162452487,0.796071333047205,3.494142804016363,2.4752550662470685,0.4003819283600715
23882,2021-12-31,0.1416702812718962,2.6875808538163,0.7353152475112038,0.5058214747736093,1.1675299029731379,-0.03826696719258703,0.8073952020791839,3.7434055581723977,80.10426540284361,0.08453354315623823
24900,2021-12-31,0.118736963002373,13.917989417989418,0.9510573020835356,14.101851851851851,0.7639861888981306,0.07359497131987992,0.4437895474849848,1.5471728307254624,17.21974306964165,0.2692188197829084
25359,2021-12-31,0.1982798494936319,14.612297673639468,0.8854846693390794,12.957849111125071,0.0905940979694136,0.1571744591607074,0.5619175748369378,1.662557717074741,2.78265840518831,0.2621292657816807
25968,2021-12-31,0.1864657098496611,10.262626262626263,0.5913717886572952,5.414141414141414,0.02147823098031282,0.06043424146037892,0.8665457072266831,2.5863119415109668,5.7402964008468595,0.2126757149781871
26342,2021-12-31,0.1586544873789794,17.536936936936936,0.4240317245794359,15.76756756756757,0.210647973959333,0.1601813668966326,0.5558639269746394,1.885648387653044,5.0167816520604145,0.1138812817868194
27394,2021-12-31,0.1467201583910801,11.683119447186575,1.1993074259330512,9.69990128331688,0.1097309467084092,0.2331358129199513,0.7430694603855467,3.2355337918660285,4.067558272831486,0.8242593305117353
28215,2021-12-31,0.289304592789542,36.189189189189186,0.6601250932461123,25.00900900900901,0.01554098463743497,0.1536731634182908,0.942562893081761,1.7346280087527353,3.7684179193332343,0.2322258564296781
28547,2021-12-31,0.01704207095726097,6.638196690127449,,5.389385581129922,1.313266117115188,0.2863542726663523,0.91278235338565,15.42222621830606,0.1444870415189957,
28975,2021-12-31,0.1217382120394346,4.8054276714320325,0.9567089461261121,4.509086503513448,0.492416323350528,0.1273064514711183,0.6542656887599474,3.2040266850151076,,0.4453004089608245
29153,2021-12-31,0.02315202392568258,,,,0.702542380354681,0.3850746268656716,0.9106195284687549,1.8204488778054864,-24.470588235294116,
29206,2021-12-31,0.0963897233458773,1.4148936170212767,1.0519823788546256,2.382978723404255,0.5629073306764634,0.02315776972863844,0.7487478939229579,3.0883213321332135,,0.393082068852994
29901,2021-12-31,0.09854903675691112,4.364648910411622,0.3228238361837564,3.918159806295399,0.5386051962101531,0.1080015413429398,0.617733032755705,4.218926811461945,4.46672278176066,0.02261676508934734
30629,2021-12-31,0.07491078204983287,2.915929203539823,0.7536501516683519,2.288716814159292,1.0457308791813473,0.08811738900234475,0.6862111682486826,5.3367104979521445,23.512328767123286,0.1207684529828109
31537,2021-12-31,0.07961423681947699,2.4831013916500995,0.6030664395229983,2.5228628230616303,0.461922166028338,0.1090701979211163,0.7880939468524467,5.863511224057603,8.171779141104295,0.08209621156810254
31873,2021-12-31,0.1139154536610437,20.116504854368934,1.2016118016664388,96.29773462783172,0.3389046964516568,1.00759623609923,0.2773417168078949,1.8760339456440003,1.3392733564013841,0.1315394071848108
31979,2021-12-31,0.08448033349479227,5.940681209337924,0.5155276431609138,-0.6995790279372376,1.5788748548433562,-0.04461523005826802,0.5281484138983047,3.445832803425325,7.113358276873293,0.19953515972703
32402,2021-12-31,0.1233480176211454,7.4072847682119205,1.3413582907456438,6.533112582781457,0.406258502599524,0.1214742657749346,0.5723407788756955,2.2169659608684,3.0233184785988185,0.6218213164214026
33366,2021-12-31,0.1340433591051893,20.155172413793103,1.2356009070294784,20.29310344827586,0.261805485248151,0.09324611474521895,0.6075259980056325,1.4929355053191489,4.523626091422702,0.4971277399848829
33727,2021-12-31,0.1279041284317235,29.820290994887927,1.5536950685318638,23.804168305151393,0.1847304171644315,0.2066288263442757,0.4667491157020557,2.2350070816404597,3.57064,0.7856083086053413
34985,2021-12-31,-0.03589079154756498,-3.3937635968092823,0.848419469375678,0.9514140681653372,0.09555939755181385,-0.002745676583886567,0.9798649934679761,-13.056568663937476,28.081632653061224,0.7064552717230496
35253,2021-12-31,0.2215493337913773,20.56028368794326,0.4427824678511829,17.03309692671395,0.1205341762322157,0.06562294384022913,0.7202033587933402,1.3584751018961545,6.108291674576557,0.3613428879945028
35879,2021-12-31,0.1305109764140573,8.372489959839358,,6.986947791164659,0.1802401866009289,0.1356491275961692,0.7808450436312623,4.6867840985657905,4.855687606112054,
36503,2021-12-31,0.04329175284703745,2.1113675706866704,0.9699456189464878,2.167916907097519,0.3114897409230194,0.03002165593758344,0.4979396785014415,6.6491448118586085,12.419097413318656,0.5136274415162339
36881,2021-12-31,0.06124443012830837,2.3869426751592355,1.1808766859344895,2.122611464968153,0.5004333584224496,0.05262372172874524,0.7439067447839087,7.113253856942497,13.779810519438092,0.4489402697495183
36923,2021-12-31,0.1553016854918814,21.120423384059062,0.1890446199105591,16.346680227010193,0.1358147234544996,0.07193314996016452,0.7538045044136695,3.4696803366102227,4.289848246175856,0.1288766706326652
37279,2021-12-31,0.059356223393216,2.829368334700574,0.4962797931817227,3.1689909762100084,0.521284545752728,0.194340316060272,0.7243291706692283,6.715845130479277,5.0297222673379895,0.02778595149018454
37970,2021-12-31,0.1690914572118671,11.782591007017965,1.0810749702349352,9.720575861526937,0.1881875763973775,0.1225136511793091,0.6180825667648946,2.1095442288704014,4.770537864916674,0.3220515338507882
37999,2021-12-31,0.07255120665179476,4.460550458715597,1.6567711987909537,4.295412844036697,0.8132386296381823,0.118368153957688,0.4230772883996163,3.3540065222455158,2.9206728716591237,0.7899821881578237
39541,2021-12-31,0.09201191095219456,10.077788191190256,0.9223742918912032,7.512183692596065,0.2432991743577949,0.09793102476287117,0.8484679420498448,2.831647123566016,9.94734214581841,0.341751616133381
40455,2021-12-31,0.1447216401310767,8.895515032035485,1.324719703785729,6.565303104977821,0.1258354975478283,0.09081696665540705,0.6398095996922823,2.6218133262623584,4.744386523973549,0.4109280919094747
41079,2021-12-31,0.06594682883702829,2.6505643340857787,0.3585811482302576,2.3959367945823926,0.773171801935088,0.1248788368336026,0.6967284217882399,6.1108968401486985,4.606020727093272,0.0358993960706368
41342,2021-12-31,0.2384929553162877,18.783138081579526,1.327248655513017,14.057446636946931,0.3181911380563658,0.2241307378224204,0.5308452307658004,1.6629256022296193,3.5551954933525414,0.4515419486004266
41431,2021-12-31,0.1703048511460806,18.57831325301205,1.021773935318604,14.873493975903614,0.1887593907529636,0.1262886597938144,0.5985029334412301,1.7846039970392302,5.029663147310206,0.3768812039705411
42323,2021-12-31,0.1742322022217352,8.332638888888889,0.9739370436362367,5.836805555555555,0.1265248773823278,0.1454344240045102,0.6569432411194616,2.7445592870999027,,0.5839825781131723
43282,2021-12-31,0.03277312144270288,-11.807086535978868,0.2389337136202096,-8.567594854581687,1.1121837045689456,-0.3161868719643343,0.5514355689742207,8.223256136824917,,0.02860209829534568
43677,2021-12-31,0.07910015455980596,9.529504675259036,0.7534901740707136,8.008287001937495,0.8230441449096378,0.1953235372664337,0.5967655008791523,5.46871056960538,12.957891166041552,0.03325105295618249
44414,2021-12-31,0.3132008084381029,,1.9854798156074873,,0.1696266180969105,0.0823135284362237,0.4854735940725234,0.2761984667623654,,0.6920061006584272
44786,2021-12-31,0.1197947923724712,8.065759637188208,1.0215978394741136,5.662887377173091,0.2909613475630399,0.1289560600359547,0.7091034745722321,2.9847689075630255,1.9657235184365922,0.152475849890935
45086,2021-12-31,0.02572966812840162,-10.132820019249278,0.521165219632014,-4.678537054860443,0.7212197657275758,-0.02446863659927424,0.5066807311019719,7.2340182648401825,11.667757494513005,0.06696397029180365
45568,2021-12-31,0.05050621260929591,3.428388746803069,0.3899438898200102,4.023017902813299,0.2906722452066659,0.1439883055183335,0.6621773120394684,7.950721336370539,6.054802955665025,0.08805654740217153
46311,2021-12-31,0.02454317339568846,,,,0.6971210172709068,0.3276924936540553,0.8894676852188674,3.046318407960199,0.02480037576326914,
46897,2021-12-31,0.02822230719356287,,,,0.8330594034819789,0.4069662243667069,0.8810611886370724,0.7275565504241281,-0.3482302466928852,
47057,2021-12-31,0.1236967204523174,8.053315994798439,1.5457503205680274,7.629388816644994,0.4008231741657183,0.05884050276428019,0.7216659468206124,3.7334762237065098,110.57754927163667,0.5958737631815659
47528,2021-12-31,0.025208372037297,,,,0.8210554235929648,0.3039438276809808,0.8877062041204934,1.066857602424911,5.2543596834908195,
48065,2021-12-31,0.02539448323930571,,,,0.5420898099258545,0.3273664794164501,0.9041551067955254,3.6645370833035904,0.04632480921140715,
48689,2021-12-31,0.04569752690402342,0.8964001674340728,1.0668227329178894,1.6000418585182083,0.6622749152244636,0.02129777513650039,0.8676047252035143,12.90033355852052,8.66059900100689,0.5042753360370162
49522,2021-12-31,0.1107564210293922,24.611241217798597,,22.442622950819672,0.7734548695604447,0.2179948096473893,0.4727164396484665,3.087136929460581,,
50217,2021-12-31,0.02838191198295793,2.1453768038482095,1.4968627365005591,2.418492784607162,0.3311883556642571,0.03548602754378927,0.8481457051621891,9.816768639726806,3.2642768701114364,0.6196479073948217
50843,2021-12-31,0.09933304392438533,9.41019955654102,1.026819544660802,8.332594235033259,0.2955637052161247,0.08554503595633504,0.6956050317921344,2.9885280095351607,5.483636999169835,0.176666337188231
51690,2021-12-31,0.1120584853261343,11.047261319133952,0.6232460869376444,2.7435681282212716,0.1971356348157106,0.0444580854904185,0.7656075304468356,2.2214960477993126,3.27225036224256,0.1587507398981682
52557,2021-12-31,0.2503797764188058,16.569767441860463,1.4750450008181968,11.790697674418604,0.09022021198223967,0.07362741986670898,0.6691130298273156,1.554449284380834,4.595276046949717,0.3308787432498773
53400,2021-12-31,0.121089516653421,3.013084112149533,1.7101500649887746,1.7439252336448599,0.2939216526250654,0.02792002806032971,0.7441734677933098,4.222653142402546,4.912086743914107,0.608472172988302
53756,2021-12-31,0.08147917574550208,6.668079096045198,1.2103851354779507,5.423728813559323,0.27327775677343,0.1183330604637104,0.7059851850975918,2.7959071923390386,,0.4262432139697918
54380,2021-12-31,0.1233791840575353,8.349538768386935,0.5185966663861084,6.803789578658688,0.3357555446968452,0.1271874948778609,0.6889030864125827,3.403462025316456,6.228531894285318,0.2296554066016352
54511,2021-12-31,0.09716473715786862,11.050100200400802,0.902582550867176,12.146292585170341,0.6848795295010435,0.08495623883059157,0.7669547624912864,4.7958943965517244,7.990708292448485,0.4075545801085826
55166,2021-12-31,0.2588206132551082,13.850174807372458,0.9550561923296417,10.730443637351074,0.07999186770541968,0.1623181732579291,0.7447798166547963,1.9958146244250055,4.557813587170019,0.4717884700205618
55192,2021-12-31,0.08972533200689566,8.665413533834586,1.4289772727272727,6.849624060150376,0.4793694735392923,0.08585301258000441,0.4406977708944079,2.368620899149453,12.360455870659953,0.3134856215213358
55794,2021-12-31,0.1161788925139829,5.11429236499069,1.4516685521963506,3.445070590273266,0.2453305339095986,0.07368273030981713,0.7111746867477413,4.006188845421316,5.961703646657564,0.6113064056811593
55914,2021-12-31,0.06538737063512629,4.674300254452926,1.0013543353452083,2.9516539440203564,1.3607908603585717,0.08758373934226553,0.4850433753640226,4.0889277389277385,5.988796032693544,0.3530398940085382
56309,2021-12-31,0.1745371191551487,22.106299212598426,0.4894143524883146,26.60236220472441,,0.1024304188259014,1.0427350427350428,1.372420262664165,7.117685165191103,0.147924113280176
56854,2021-12-31,0.3597829338119045,17.065524944154877,0.407500980926952,12.867460908413998,0.002661762919271379,0.1079086520558704,0.9715941564325243,1.7119754552652415,5.200701232469188,0.231364780415913
57398,2021-12-31,0.0505019400135493,1.4819277108433735,1.2362242918121846,1.0939759036144578,,0.0080545229244114,1.0894936087307747,12.834756097560975,,0.7978269305393869
58385,2021-12-31,0.1167309625456505,25.816588542267993,1.1151156991750808,21.985960699194127,0.3158834772421056,0.07981941982519349,0.4503638807721507,2.57631871959155,7.571042932726171,0.4483383651654995
58986,2021-12-31,0.2450912045883569,20.082963409903893,1.4193968406683206,15.493901650648624,0.2080139094091593,0.05895389624123377,0.5569775081678743,0.9243691640166811,407.69954629474046,0.3838239642011363
59642,2021-12-31,0.07529520455004764,2.9008810572687223,1.0052269924237975,2.6872246696035242,0.7643982210523815,0.09466139396935244,0.7566484619203793,5.938075153374233,11.484816753926701,0.2679861396605391
59821,2021-12-31,0.02205501255297798,,,,0.769688715372389,0.2138186958826648,0.888563466787989,2.677583333333333,0.2043900683699172,
60631,2021-12-31,0.2548426248078324,17.2,1.8626280623608018,14.302439024390244,0.06360123512044422,0.191354992632096,0.7840056435580068,1.9975869951739904,5.936725254394079,0.8100668151447662
61218,2021-12-31,0.2301038320263896,23.32657200811359,1.627762237085362,22.40162271805274,0.4296742033402963,0.2689043504855111,0.4632699529916713,1.0694176435010512,2.567930423034704,1.023917609594146
61973,2021-12-31,0.08516559537645375,3.6258823529411766,1.258572999633419,3.7294117647058824,0.5703802066706867,0.05943840951014552,0.7291522310134232,5.057185295209803,7.935558706018817,0.1902556070250275
62293,2021-12-31,0.09984520877344989,4.979369627507164,0.8503281628924015,3.594713656387665,0.1784057110888219,0.05896907806287365,0.8544997884585681,4.320657826313052,18.522267206477732,0.2829523240113127
63098,2021-12-31,0.1024476019637462,7.992303463441452,0.9899041815044607,4.88785046728972,0.219727807449877,0.07173432333191325,0.8198891244746072,2.97858829627923,,0.2641828599829996
63285,2021-12-31,0.07774823675088482,4.673969673093312,1.175947306788243,1.9953086558716173,0.7061653035130087,0.02502144248961074,0.4709403637149854,5.041385216166333,2.7548353943974835,0.2733197635632125
64273,2021-12-31,0.09699372608150557,14.549921610693952,1.2860014754243405,7.422724647248123,0.3602829178109407,0.0331394447822096,0.5467275179703086,2.921921357474845,,0.3198047679633537
65056,2021-12-31,0.181587828110063,114.5,1.0656121218665082,86.14285714285714,0.1820996560296055,0.1955252280034118,0.6174701579675702,1.0805689458328047,2.218435009928864,0.6365119641046867
65596,2021-12-31,0.3179975836383607,17.854384527756093,1.8796060081963482,18.446862160328692,0.08838496836230184,0.3652410947980372,0.6770119416387337,1.134903811232541,1.7367657022764804,1.1363301315207852
65852,2021-12-31,0.1282054785162921,7.915611814345992,0.4525196621031168,6.3164556962025316,0.1878962857410701,0.08857644991212654,0.7911392405063291,3.4981884057971016,6.734006734006734,0.08063889698028935
65980,2021-12-31,0.09277045484032724,2.9880239520958085,0.598561430793157,2.1669993346640055,0.8054140499751135,0.114640522875817,0.5429264017865977,5.0767311762927125,21.851572327044025,0.2371695178849145
66332,2021-12-31,0.0834138454113569,3.743062966915689,0.4626732393596181,3.3407150480256145,0.7943756259324175,0.1578161539845296,0.6784033889718286,4.74384370641562,6.278378768210012,0.06474892252180013
67396,2021-12-31,0.218385981159651,11.76171875,0.4865588480046311,8.796875,0.02634625119223177,0.1033607788307182,0.9546275106252932,2.369997349589186,6.043882484194868,0.04395962227287528
68184,2021-12-31,0.1122433757375295,4.803308823529412,0.3631325722089017,2.8621323529411766,0.3771149655524541,0.007471768810343937,0.8082988102961234,3.833776351970669,15.131906349718546,0.2077266303571145
68641,2021-12-31,0.1493809383528383,15.498119198576282,,15.135602868007856,0.6218147934464953,0.1615162414646613,0.3764914658741269,1.6692182191333456,0.9629092509344062,
69090,2021-12-31,0.3381122794593059,24.279252547906598,2.4839953373554056,22.161026704641305,0.07262110794032685,0.2707170803251461,0.6340441567207736,1.046755423390794,3.139987662512562,1.5680138139650632
69091,2021-12-31,0.2147861356932153,4.13013698630137,1.296048505122308,3.5,,0.1373481246698362,1.1052672548002076,4.072103004291845,5.065625,1.1257578925360652
70236,2021-12-31,0.2016256861872822,22.639424460431655,1.0155934379188614,18.18676258992806,0.04482559347056202,0.2151557180683394,0.8546340953641629,1.7779571792729687,1.3364903014297422,0.2610711521398501
70397,2021-12-31,0.02174826415364458,4.016091954022989,,4.751724137931035,1.3814465550386974,0.1187686485699731,0.7643637487444951,11.685022026431717,,
70638,2021-12-31,0.003108183971629264,4.3320610687022905,,6.068702290076335,1.6547311916731926,0.07362643455120031,0.9428105627998508,7.124248496993988,,
70958,2021-12-31,0.2005277559640814,15.587412587412587,1.1683695984249296,11.590909090909092,0.101853477358726,0.09130782100170316,0.8615549592651719,1.1989686709476552,17.49013491382672,0.1962897586476119
71589,2021-12-31,0.2762600961562716,13.845183486238533,0.3624821683309558,10.418577981651376,0.01178184161580948,0.086251076431917,0.9993341432049568,2.0741782322863402,3.717418564637952,0.3004041844983357
71966,2021-12-31,0.1318614766283103,-3.5243445692883895,1.1288700298601289,-4.4344569288389515,1.0131999707017578,-0.009583917718560075,0.4003935347856641,2.108141962421712,20.50485436893204,0.5220807795065221
73139,2021-12-31,0.1546168178624882,9.285097192224622,1.2385306511886778,6.861771058315335,0.1271708199076067,0.1421016807162679,0.7028120405006971,2.6233702094033977,,0.2184543213802974
74493,2021-12-31,0.2947782898563694,12.588235294117647,1.28164600081755,4.949579831932773,0.01515907225349692,0.05722634847193474,0.9609280700970092,1.8712811171827566,5.218623481781377,0.5160103556342825
74763,2021-12-31,0.1042975684267019,7.980840088430361,0.3446566237162548,6.624907885040531,0.2227922199989151,0.1242047026279391,0.6661640548685647,4.2800823305889795,3.147614559490149,0.1166017416255778
74950,2021-12-31,0.3504789214807734,29.447552447552447,1.9621649258637062,20.6013986013986,0.01801784381781411,0.3470777612679544,0.6823700733792268,1.0744318181818182,,1.4445256007596232
75280,2021-12-31,0.07545998599350608,19.303482587064675,0.5619149383607192,-22.90049751243781,,-0.01914012853050508,0.9907797359436364,1.915524151022991,12.22232217438797,0.08636888083072358
76231,2021-12-31,0.2191968585072966,7.885497456425653,1.2133502430348533,7.074222333416729,,0.323318950975692,1.127398128149748,4.402277933541478,183.2403499742666,0.6984852006427035
76647,2021-12-31,0.07870763525508366,5.30625728721337,0.6459590234865382,3.948309366498251,0.7193305694930048,0.02664053885107847,0.6879798267658057,4.476208147781627,13.192532485955853,0.1731040338667674
77042,2021-12-31,0.2385560798741635,28.947791164658636,2.400373599003736,24.538152610441767,0.5328342445704696,0.2115502616856163,0.2534622508453839,0.5423930859782446,2.125222904695859,1.3438667496886676
77666,2021-12-31,0.173447260162624,15.685323383084578,0.9120033829363081,8.348258706467663,0.1967607982417942,0.1280700613470334,0.6680623102583896,1.8692889369002987,1.560090702947846,0.3396629145607217
77914,2021-12-31,0.06403527799728309,1.947033990461087,0.5820279329822033,2.488184514607563,0.802723065805382,0.1111343955362264,0.8053452629283961,6.8905402035176975,6.779171098869737,0.2356146976194373
79382,2021-12-31,0.1441041498021066,4.626142742582196,0.717567285880694,-2.0811547714514833,1.4681866445018141,-0.1113377804308391,0.630341362063578,3.2825104541604917,1.115868433806022,0.08460548096376679
79657,2021-12-31,0.01686075360152068,,,,0.7118180453732647,0.330980707745177,0.9078949368914249,10.177846425419242,0.08488724144761042,
79663,2021-12-31,0.2101147055854554,15.962,1.2605832815237665,12.974,0.1430460885378328,0.1694785710241748,0.7079938673741163,1.946090826337615,3.54264697928498,0.6049850223252133
79976,2021-12-31,0.2046224673412634,8.05045871559633,0.9074789724937485,6.761467889908257,,0.154603643525357,1.0367372069688954,2.7035175879396984,2.742616033755274,0.4658634538152611
80451,2021-12-31,0.232391440581894,25.187919463087248,2.0906239498151673,21.41275167785235,0.05499966217177456,0.1316894700381018,0.6612920819754837,1.5530844746091383,3.720382746051033,1.442561890892797
80944,2021-12-31,0.1926190427395351,24.131144325448197,1.8806786800001796,18.824643991997174,0.1520359250845131,0.192348771848723,0.4304531225723504,1.3234127480841713,3.0923624856842116,0.6734980713705169
81623,2021-12-31,0.154906513503605,12.701067615658364,1.9540812223562525,8.03202846975089,0.5757256862229239,0.1617948088102841,0.4155448108287211,1.0303723572104766,2.8139441698944836,1.704302372336148
81925,2021-12-31,0.1409390703517588,6.5756630265210605,0.9788871554862194,5.549141965678627,0.3602867582700387,0.2684341342170671,0.6239127739679101,2.572701949860724,23.236479321314953,0.5458138325533022
82311,2021-12-31,0.07890617734618258,2.998820406959599,0.5486416147532296,2.484517841344736,0.6723042812828358,0.1070608251807741,0.7194466647411657,5.456066113824833,8.116445916114792,0.04345419645065181
82599,2021-12-31,0.09777321000342583,4.109022556390977,0.7347432441772065,3.2669172932330826,0.4741804195976453,0.0575766256087081,0.7279305603300104,4.209180098107919,3.5437083496667974,0.1958670260557053
82858,2021-12-31,0.02280233163821236,,,,0.491956997113339,0.2169565080662914,0.9305972651164334,2.655894422682335,-49.38461538461538,
83481,2021-12-31,0.1234679351411409,7.0,1.4122521707158413,8.933104631217839,0.1996754887668183,0.1241944146079484,0.7435555816410376,2.7687945256842896,33.60763267740012,0.464405916791583
83561,2021-12-31,0.06725637863104539,3.5312710154673836,0.5874237880225991,3.092945510257754,0.6671911336370728,0.1233217941977753,0.6931716748575536,6.087395058560916,26.697767378176504,0.0225221245033773
84594,2021-12-31,0.3666395462613937,42.77413262189421,1.7672413316050073,32.01670552154888,0.5042541844409942,0.158570818438563,0.4424929307792377,0.7104779336390507,4.740633241295039,0.7735857502055044
85218,2021-12-31,0.1413261681954353,1.8510378510378511,0.9547039307203509,1.0488400488400489,0.5768237185864892,0.00360311669594199,0.7651960877650628,3.1422858391608393,5.099856789480536,0.3278130799077771
85476,2021-12-31,0.07749994342739472,2.6142857142857143,0.7127080181543116,2.869047619047619,0.5967845276984878,0.1205559394916686,0.7364435585769963,5.618488670871292,16.72309899569584,0.1178517397881997
86242,2021-12-31,0.02103271753205287,,,,0.9144778904831117,0.2350079625758933,0.9029548967622844,5.8859593392630245,0.01202228521161177,
86640,2021-12-31,0.07852992347141834,1.7881205673758864,0.6531575058261808,1.9051418439716312,0.5592443047477897,0.09274230175311109,0.8331089718209482,7.020417028670721,26.535557506584723,0.2911953617916216
87129,2021-12-31,0.1343017390295493,3.2591388283089127,0.7578818650398397,2.8742989562748162,0.2638350274693269,0.1043331474365787,0.7446717135774095,4.604119745606127,18.738047032552114,0.1776051190853707
87753,2021-12-31,0.06194219034637384,1.6310919185687847,0.6461785865425307,0.7779148673658236,1.2315091048565785,-0.01787132644956315,0.7873543270515321,7.131622244159263,24.335640138408305,0.02767668218366483
88034,2021-12-31,0.06612548746827293,2.3757791629563667,0.4642920223726818,2.0365093499554763,0.6578611520685939,0.09553512803676953,0.6313376522718299,5.594057743957028,23.888544891640866,0.08881365911098028
88508,2021-12-31,0.02090212056274468,,,,0.619292539536844,0.3091420683796984,0.8931570367333392,3.4371272122812164,-0.08917513004706465,
89132,2021-12-31,0.125454273908498,16.25409836065574,0.993158549421108,12.680327868852459,0.2030884943599016,0.08705479870486896,0.7068425254077755,2.9231150793650795,4.792712949286066,0.3101617070136829
90288,2021-12-31,0.1169248902523952,,,,0.4135266152976467,0.07798328929515103,0.6162931948225587,3.2979960041169694,8.854065934065934,
90985,2021-12-31,0.1599221676169304,10.671824933861346,1.0276315335015491,8.712563879257933,0.2520956772379236,0.1261737554981015,0.6080884024067378,2.1359131502424074,5.161531441912424,0.1924278225743844
91914,2021-12-31,0.2014969876328535,44.988888888888894,1.2582148623937328,34.875,0.07920177677833591,0.2898395721925134,0.6784449422114232,0.500096808098689,,0.2162835356380622
92672,2021-12-31,0.05907630966884483,2.8017543859649123,1.3181575671349812,1.0736842105263158,0.8401347361694649,0.00737230121116377,0.6735840121802825,6.14501312335958,10.184873949579831,0.4812022052285257
93296,2021-12-31,0.1432917894100763,14.142101284958429,1.1318681318681318,15.72713529856387,0.3150013688775465,0.2828810778634377,0.5792223875074567,1.6877978324126006,2.6019280921264687,0.5943140134882612
94001,2021-12-31,0.2520122416933274,9.739240506329114,0.5615253928766458,3.3417721518987342,0.09673840388248185,0.1316413662239089,0.955179802600171,2.466316265400701,4.125712615114749,0.472726169528548
94231,2021-12-31,0.2001960179197005,7.014008620689655,1.91826382869434,6.043103448275862,0.5565249062629506,0.1288156120117806,0.49408810788106,1.2850487870985228,19.287082457369774,1.2623519214099972
94414,2021-12-31,0.1553688871524386,8.514376996805112,0.7535060412599588,6.686900958466453,0.09807370098496263,0.1061671078885252,0.8404650320054302,3.022195445655211,7.2160459719306,0.30394132854957
94665,2021-12-31,0.08032063197026022,3.0683930942895086,0.8184184255561894,2.635458167330677,1.0079317587684626,0.0832910621893071,0.7354095455120901,3.985825860572751,11.172534186790806,0.1563391329150028
96341,2021-12-31,0.194808893343687,16.06909088280787,,13.440305303785943,0.6203991269342164,0.1348803450096108,0.4336938058934138,1.1746794934673646,1.0275420086578384,
96965,2021-12-31,0.17225937626025,37.322105263157894,0.5277230467257512,30.770526315789475,0.1552989777647193,0.1833208016801058,0.6038359538189322,1.5401526605862557,5.865149078312507,0.3191914954188236
97390,2021-12-31,0.04008301866091266,16.20472440944882,,12.047244094488189,0.4342766204979159,0.1415741675075681,0.865844791649836,1.6998175182481752,0.8682153101974239,
98093,2021-12-31,0.1566822328470525,12.872093023255815,0.7570683777822339,15.356236786469344,0.0700584954427969,0.1940863749392631,0.7482525977423936,3.1103374777975135,5.65791187323638,0.22150925740258
99352,2021-12-31,0.1989152730710489,24.957279501723942,1.3131729945975323,18.726026026026027,0.103405374204901,0.08783266114699008,0.7236738353979172,2.1813069251758197,7.08509866755095,1.2359997209018383
99778,2021-12-31,-0.001004399268797332,-2.268835616438356,0.6215309949260975,-0.1335616438356164,0.6383415435139573,-0.07300397000441111,0.6873561369827214,-362.69,11.563728598604946,0.1473637767482903
100087,2021-12-31,0.1727544646415492,4.414241164241165,0.7797214983983669,3.389293139293139,0.02039349474155143,0.08603458601587063,0.979502583899143,3.722656629431763,5.245267761973022,0.2631491593500523
100177,2021-12-31,0.2861430562272072,72.43053915781188,0.6466773486382004,52.32310114128296,0.06413432770785452,0.1474289365232228,0.4592060759123445,0.6833971255957071,37.57746478873239,0.244458621863773
100833,2021-12-31,0.1681816909447837,8.642513529765484,0.5670371679562205,6.915213469633192,0.04760774685123933,0.1000137255799058,0.8511416348327748,3.089689408631719,5.837475073918724,0.04687779567006619
101136,2021-12-31,0.1024007288740415,7.270525694034259,0.3897708283599904,5.538688718251624,0.7239280276493456,0.09720553074675202,0.4967766983140006,2.8860697550269885,4.69004552725483,0.1173808387045436
101472,2021-12-31,0.2143341842504927,150.25641025641025,1.4393687707641196,120.87179487179488,0.1951127002129195,0.1383995973829894,0.4168811035828671,0.2318709482888588,6.229669485011529,0.725968992248062
102502,2021-12-31,0.07284380761289362,3.0544142143253747,0.5921990382964107,2.67129372570794,0.6065376594151731,0.1339981302586475,0.7362436665498231,5.872598807683816,5.514191690662279,0.1394255538382277
103053,2021-12-31,-0.03733355572234732,-5.704595185995624,1.8010670527359982,1.0021881838074398,0.3956646636826051,7.841907151819322e-05,0.7392862301147891,-9.51209977661951,25.903102885138814,1.6236628327837208
103571,2021-12-31,0.1845416508178014,19.45104895104895,2.006694487915145,15.085664335664339,0.3676785398329368,0.1761362394246114,0.4046114579770179,1.1955437381482399,2.7831257639324765,0.7671274560945922
104032,2021-12-31,0.02568340604473828,,,,0.7759081260519047,0.3424291064740503,0.9005637417114297,3.191389694401071,-0.04680272108843538,
104387,2021-12-31,0.07477959190972656,3.332608695652174,0.5389455828841893,1.9847826086956522,0.9078254888856536,0.06150295295635055,0.7633368771606198,5.006600344365793,23.19463087248322,0.02971190938688408
105230,2021-12-31,0.1239818266715089,12.51891315929675,0.6114512922465208,10.202450719232818,0.3938482155007533,0.1192919693914197,0.5312383137055816,1.5095050215208035,2.646299502509369,0.1545675944333996
105421,2021-12-31,0.09820738225118726,4.0430077301475755,0.7308878669269487,1.1623330990864371,1.17796952907761,0.006653340783538886,0.6657671779476966,3.775305096913137,25.838435771597727,0.1791403449286145
105825,2021-12-31,0.1409295128168709,9.60952380952381,1.3193557502119242,6.076190476190476,0.1425128970854804,0.1139840422340872,0.597546229392161,2.871949925737322,1.5465587044534412,0.5820853348403504
106145,2021-12-31,0.02300450172899559,,,,0.8179857727732603,0.2126962801242758,0.9190748467521763,2.330494699646643,,
107846,2021-12-31,0.1189585580635527,9.30608206787167,1.7687814263748993,7.819469526845586,0.2345343626839365,0.1574063334140439,0.510861676722724,2.9026113566526743,2.008560387932263,0.722208392719609
108457,2021-12-31,0.3434976893543379,53.436489288182436,2.9431020211828245,46.467910619672885,0.1423505402799395,0.2759114002332809,0.3662701574419364,0.3028278987259359,5.80728800707561,1.693569289381338
109256,2021-12-31,0.4757840616966581,45.19125683060109,4.34765625,40.994535519125684,0.06894488576509793,0.4161360018194223,0.4852291651582072,0.7603558821410561,2.708090957165521,3.4956341911764706
109561,2021-12-31,0.1103444291350096,2.9991016967363406,1.0746390368135301,2.207111743641862,0.04587193144614642,0.01224291901264466,0.9297241392649231,5.278784768673441,12.829157926638924,0.5485243742525353
110550,2021-12-31,0.1988738181463736,20.63531669865643,2.0553522844544516,17.43953934740883,0.1784513052230599,0.2192836478148442,0.4747051009660455,1.5396244910269945,3.9687185789297286,1.095099602839541
110661,2021-12-31,0.084512939433467,6.126666666666667,,6.173333333333333,0.3912463953396051,0.0609727351300385,0.61012925778392,3.3523246951219514,2.813358988455195,
110964,2021-12-31,0.03639821048982452,12.252891766969336,,10.04772295347364,0.9559838463775121,0.1526082341795145,0.7089677402048596,1.914577062363026,,
111244,2021-12-31,0.1644315692785982,10.801401869158878,0.8600790513833992,8.119158878504672,0.6912827845667422,0.06402067487498424,0.5082761849679143,1.6966311447232727,9.684989685717753,0.4164426877470356
111799,2021-12-31,0.0998477516972795,16.86159539473684,1.7295036713445728,14.221217105263158,0.1292880005280964,0.1114882787172295,0.4489306044547239,2.8510424258520377,,0.9496316303449908
113155,2021-12-31,0.1822720399395147,8.047326906222612,0.6945764909248056,6.426818580192814,0.2091438113395352,0.2919102394870828,0.7529120278010168,2.58554999561057,14.829747074367686,0.3012640449438202
113366,2021-12-31,0.07671834865224522,3.3844221105527637,0.6303070613014078,3.4623115577889445,0.6302239092094164,0.158653067832281,0.7177436281859071,5.040843081887858,7.01042654028436,0.0608579980046558
113497,2021-12-31,-0.06418673652978125,-4.155794806839772,1.2090934061495209,-1.0367321089297024,0.3525822284615867,-0.1619824720459353,0.917794863756103,-9.354253749692647,21.59375840731773,1.0690568903394677
113514,2021-12-31,0.05041630564070075,2.5546762589928056,0.9276138650341524,3.4158273381294966,0.5542228889444507,0.05266377052522623,0.5425370605477138,4.088487125785389,5.063590528733205,0.2458336876115977
114200,2021-12-31,0.1244710540100358,13.463803680981595,0.756006766000524,10.463803680981595,0.2008465183433861,0.055226782089424,0.6499454466412448,1.8483206717313074,,0.2882665519594557
114463,2021-12-31,0.2373643747900156,17.387931034482758,1.2140511740288706,10.267241379310345,0.09365936349941119,0.06831758674744735,0.8802042695296651,1.7706987277692667,128.06290322580645,0.5407347747971005
114496,2021-12-31,0.1234176996560492,9.791314617970382,1.5035180406565167,8.04046376082353,0.1367679055756175,0.09202763678284608,0.7621519773777651,4.266597131760143,3.873857782599078,0.7620202446886332
114733,2021-12-31,0.1372902253313454,13.744454477214132,1.1541052281433046,12.54441313736796,0.5641209577419349,0.08659957836756121,0.5029492255195864,2.2416828215697446,53.4630820496892,0.2746292032439194
116147,2021-12-31,0.117592376555624,6.876044353327601,2.0507726047827637,5.787176039209635,0.3331897488992689,0.1272173334353964,0.484123928455894,2.742773305147167,7.279191833707814,1.0336960680044975
117128,2021-12-31,0.1532480592585325,12.77714012434242,0.3836477436095235,4.835485413677667,0.1982082097332629,0.01402191054650484,0.640088228035538,1.6308151941954758,8.50522460192298,0.2323860116647381
117285,2021-12-31,0.07181569402643967,8.301425661914461,0.3471479096762492,5.0610997963340125,0.5753712614999539,0.01504803447313013,0.7030079350433659,5.687386344850388,11.696405247316713,0.05758592545569965
118247,2021-12-31,0.2930731777950732,68.63366336633663,2.203578863884207,61.64356435643565,0.07037544867964418,0.2284595300261096,0.3179437706725469,0.395905385375494,4.444344231491921,1.1715078814315456
118696,2021-12-31,0.120083906532026,6.215625,1.2541653230140815,5.659375,0.6472456878772894,0.08259930197772977,0.595493023076031,2.955313617159571,3.2529301615923436,0.6637643770826616
119998,2021-12-31,0.09432425496781104,2.053962900505902,0.5905311619597334,1.8524451939291737,0.4253892203399303,0.1068484464172479,0.6836153195628983,5.403536787319612,22.50356294536817,0.1843606129320415
120422,2021-12-31,0.07594679855200291,3.699200673117375,0.4785826718912221,3.768826251577619,0.546497229988735,0.1635663249456353,0.709814386919897,5.193010580314202,10.583993940924008,0.007495227569577012
120658,2021-12-31,0.149344246129573,13.795580110497237,0.8562407589945786,11.96132596685083,0.3991810516056503,0.09031318281136198,0.7528184024740338,2.0406074612083196,6.617967599410898,0.3457368161655988
121123,2021-12-31,0.0808103640704689,2.8284671532846715,0.4590747330960854,3.354014598540146,0.563031213010585,0.1812306827760607,0.6638629631699547,5.0695804195804195,10.0543093270366,0.0174546687002203
121511,2021-12-31,0.1613456043557291,26.861980237416276,0.8922829837966496,18.694369653160024,0.08328407746506158,0.05846193582902136,0.7930884737703285,2.859256497404386,5.9869611695943,0.7875843305667918
122068,2021-12-31,0.02255505546942032,,,,0.7570469911165274,0.4067796610169492,0.9075571300794472,1.309396689802456,-3.5321637426900585,
122583,2021-12-31,0.2569203789980631,323.7458823529412,1.2446065103517086,253.8368627450981,0.1368862850643056,0.1796435849696932,0.3883257499088069,0.2612895064809815,,0.195261287104016
122783,2021-12-31,0.02527061709682838,,,,0.7948125521061276,0.2659450601578335,0.8672076043015222,3.5391675684031534,0.06215448976542656,
123163,2021-12-31,0.1582313823036702,6.080402010050252,2.4957222622478388,6.3931194433707,0.05913139047315764,0.3416258570029383,0.952141846795837,4.141615869960432,45.37323943661972,1.8047663004322767
123589,2021-12-31,0.3562604465277843,,,,0.1856781706010654,0.4199459902459997,0.1753300432810232,0.05249889278779,1.365747145909215,
123777,2021-12-31,0.02283864848638972,22.038338658146966,,16.67944621938232,0.5607082046169279,0.2443813697174916,0.9079261235618117,17.137694884166034,0.06958354150486998,
124370,2021-12-31,0.2773882910347525,32.35104529616725,2.2278510930377124,30.56576655052265,0.07188202336347602,0.3851495878037571,0.5642635038016305,0.9397065791450463,16.688723570869225,1.6781625569830088
124789,2021-12-31,0.1598378263343187,8.188278552531276,0.7505511676321154,7.3118963275189435,0.01327272227583858,0.1550101995463834,0.8999828883724064,2.7091665457402643,,0.2354026005556388
125296,2021-12-31,0.2826666864177694,30.106968353003083,,23.685522062692623,0.1791427450720867,0.1328063218494499,0.4746881184981258,1.4078606570093533,2.647106250943274,
125719,2021-12-31,0.2586336297743279,49.25,1.362433415067219,53.13392857142857,0.04564745892330112,0.3867143519438374,0.4546660725778504,0.7470583558594371,,0.9675741946393844
126332,2021-12-31,0.0745009357978811,3.358059914407989,1.0370130359430336,2.8559201141226818,0.498659405111018,0.08233656097715335,0.5629563923163301,3.8028143604546276,,0.05291236530781403
126943,2021-12-31,0.08649462468924789,23.90456989247312,,19.247759856630825,0.3436752581619921,0.08739809921097298,0.7348492759804968,0.9832107648625293,,
127226,2021-12-31,0.2401649004924859,47.02982615611862,1.60201468802338,40.37700261333939,0.06269352847033895,0.2329703336036869,0.3747175133350898,0.5081378445986553,2.1105275070951413,1.031939541831127
127380,2021-12-31,0.1136019198485017,12.090434782608696,1.0271096616388096,8.26086956521739,0.436179493180706,0.09834405106824017,0.4588235294117647,2.2600114964552596,3.214138438880707,0.2790460660415817
127494,2021-12-31,0.2314534683599341,11.149797570850202,2.5814311361887663,9.024291497975709,0.05408003484507438,0.2599003409388932,0.6937603073633085,2.2579054477144647,1.1437544610992147,1.8130289817902026
127844,2021-12-31,0.2017991785483016,,5.77078952559631,,0.09354340583373627,0.1531908774848891,0.1062420098994776,0.02406987563622728,1.7941132329193106,4.708648644111191
128495,2021-12-31,0.01811662147797639,21.926892950391643,,15.12532637075718,0.345131066431032,0.2935112847222222,0.9012676145956542,2.0859800838574425,0.02510010260781936,
128905,2021-12-31,0.3328368363950645,121.26530612244898,2.017165390860589,91.8061224489796,0.1033985717885051,0.1524584546856262,0.3081774022717035,0.4774953959484347,2.2167616069101603,0.445333642619655
129355,2021-12-31,0.01724731725175323,,,,0.3444395431188571,0.2708856504497907,0.916573199794268,5.014503106160752,54.10288634166552,
129785,2021-12-31,0.1878942631215016,17.977391304347826,1.7083857383753969,13.804347826086957,0.1462013560180912,0.1433020290983407,0.5857642048556764,1.9754625822368423,3.9605995971086623,0.619022331535258
130075,2021-12-31,0.254222002828908,28.414012738853504,0.6524324711614243,9.904458598726114,0.6156646244200691,0.09769392033542977,0.3903303123966008,0.9401418969380134,23.477840451248994,0.2145160134699434
130272,2021-12-31,0.02927920948711501,-0.09128553180942937,2.8379550925723285,1.7819381160276824,0.4548492134932041,0.07579664556799834,0.7002353264801813,20.514866680919948,50.90384604200229,2.4587707357639945
130418,2021-12-31,0.1785714285714286,7.846965699208443,0.8733502017369896,5.612137203166227,0.1421364066396694,0.1009237875288684,0.7470956979353873,2.6998502994011977,83.3596837944664,0.09936401559187581
130685,2021-12-31,0.226530612244898,4.241666666666666,1.1701331873745666,4.416666666666667,0.3712104730936882,0.1335070009768805,0.5929417688939866,1.865664051147922,,0.7275132275132276
131086,2021-12-31,0.2197513956430404,10.227709190672154,1.5815599119404549,6.36076817558299,0.3738531860341031,0.1845485455232339,0.5413326597058493,1.0327453258688075,2.755495847581827,1.187493447950519
131621,2021-12-31,0.2352725514938069,21.444263186514412,1.732510185208328,16.02229472539424,0.3903463666132185,0.1668780882654972,0.5079757962344263,1.3773801391794394,23.791287811255717,0.6024144567472318
131911,2021-12-31,0.05507677254252596,0.8252279635258358,0.9447492866691941,0.3343465045592705,0.7828634370015347,-0.004909213180901143,0.6489572459229359,5.075503928937478,14.089818136830385,0.2521499690723706
132132,2021-12-31,0.04844220274400297,8.766646736627976,,8.14876743019332,0.5143287680951513,0.1160019350569376,0.7837020857350498,2.2998436954823545,,
132881,2021-12-31,0.1659627769858409,15.319871294390424,2.9933739692153125,11.213949416802707,0.1864061431893484,0.1620043199851097,0.4301487545985311,1.654774274670893,4.216343446061248,2.0665044061512776
133165,2021-12-31,0.1172811924719844,60.24528301886792,,48.64150943396226,0.7224669392846262,0.2805243861793134,0.6047609560027374,0.2754495580615666,,
133411,2021-12-31,0.202687919987498,8.930769230769231,0.7920373665480427,7.884615384615385,,0.3322197475872309,1.0661515990159902,2.9489205859676177,,0.5349199288256228
133515,2021-12-31,0.1858286603893034,7.769012944983818,0.7861901569223196,4.047734627831715,0.08994545851448954,0.1365621997861118,0.9113541485475735,3.0153530849992807,2.6666666666666665,0.3318792487418208
133799,2021-12-31,0.1654495964544626,19.998995751255315,3.1620491094843066,14.644650444186947,0.09133629655383817,0.1794013927146559,0.2750129754219948,0.9960724277720681,2.015052341499998,1.8944437878127522
134068,2021-12-31,0.09514279253896672,12.593251936859158,1.1998952495465174,9.904310753197537,0.2862049467748068,0.1971906340480887,0.5757732688381343,2.6640723817169416,,0.5101714595946077
134506,2021-12-31,0.2207496724606608,17.56033462941221,1.690881690861562,14.465825033815605,0.5621072913781482,0.1955449730956515,0.4267726081246749,0.7207100126142775,5.7098412718357245,1.0443133252499772
134625,2021-12-31,0.1129988780253246,21.75,1.9993915159944367,16.096153846153847,0.1963744162746314,0.1227329580988118,0.3900818095256602,1.3902482269503547,,1.6313456189151598
135080,2021-12-31,0.1340947752733854,2.792197011621472,0.8726209863639678,1.9275041505257333,0.493787590995828,0.04207144112257449,0.6695025458694919,4.0670090600648745,16.694210847044484,0.3513526652244719
135174,2021-12-31,0.1066887040958628,3.193798449612403,1.0617536140791954,2.9819121447028425,0.1338253106523243,0.05666371158392435,0.7514870980711539,4.927575522850503,,0.4079719254137859
135272,2021-12-31,0.09438552106645909,11.552238805970148,1.2250319081046586,8.343283582089553,0.606588834901168,0.05049779328748846,0.4268687185929648,2.079725085910653,19.44950495049505,0.6279514996809189
135408,2021-12-31,0.1249082593047083,6.0780876494023905,2.2374304183875027,5.745816733067729,0.1841879454744682,0.1425801354942187,0.5438583428473728,3.276652251574692,4.469322049489467,1.0957757227509428
135461,2021-12-31,0.02693733806844326,,,,0.3223649700818541,0.3202448944914298,0.9261901574495002,0.5261966933873765,116.24139513538319,
135556,2021-12-31,0.1224815589981519,7.8840088751535315,1.3769213198816346,10.44813582154602,0.1455389695182488,0.2639076030388029,0.5477668627816379,3.4110983261866523,,0.4196580955289612
135682,2021-12-31,0.09673287354072552,554.3558897243108,1.083139939531215,431.1754385964912,0.03306095501088006,0.1731140662743259,0.7758236600694648,0.1311618694513659,119.1261600200652,0.0853422662301195
135862,2021-12-31,0.1832122141476099,13.683544303797468,2.3353705118411,12.316455696202532,0.117633988380376,0.1809350333940498,0.5136871867369233,1.472343522561863,2.058670143415906,1.5676088617265087
135876,2021-12-31,0.0700669338595813,0.6398963730569949,1.6301952445389523,0.5297927461139896,0.2535981109922915,-0.1271602055114432,0.8682997962472201,10.322202864885792,93.45029239766082,0.6691797151878343
135962,2021-12-31,0.02433534993971953,,,,1.0692270181366554,0.3199372951403734,0.8761938231559615,1.7772310445090584,0.03136746597537265,
136048,2021-12-31,0.06611204368117171,11.883064516129032,,9.358870967741936,0.4935485761604341,0.2656500288332159,0.8555631846198065,2.5151466836734695,10.73605520414031,
136138,2021-12-31,0.1879475794063721,,4.416601447901921,,0.1544038750015885,0.2830086650361103,0.293099281255574,0.0997409412394557,1.840714800403516,3.7993801270035314
136518,2021-12-31,0.3665866205005057,29.009111617312072,2.01047633403678,22.315489749430522,0.2387068402005092,0.3322798856594997,0.5270574782228501,1.0645587189816852,3.2643088251701444,0.8820470304492011
136892,2021-12-31,0.1125976824169814,8.662704309063894,0.9165025353057034,9.286775631500744,0.2014749512587946,0.1565341865948131,0.4572421532780654,1.9918177076541919,4.716027161907879,0.3142731425218959
136972,2021-12-31,0.09059837392533603,13.343273691186214,3.0798088005676925,14.284294234592444,0.0892009508980687,0.08241034045796265,0.5450341020158134,3.073744364649645,3.5538594013071854,1.9970553725417455
137100,2021-12-31,0.2584004908557492,6.281108961960026,1.1789518055360404,5.234687298517086,0.01024685608559124,0.1132784877804798,0.9533021980020052,2.678545773804773,22.127534095097676,0.152339468877336
137554,2021-12-31,0.1674882263473273,34.18734793187348,1.4973026478594407,28.72992700729927,0.1809169001195591,0.2243989840319754,0.5735961877407142,0.8053923100969053,10.453949422416484,1.0103241771838654
137920,2021-12-31,0.2346372958103662,14.765907495823573,0.2409157754790729,11.726817116930103,,0.1483510297797238,1.123829660918812,2.478575404761414,1.4274221875224606,0.1651808187898809
138285,2021-12-31,0.4213368935279302,126.96379310344827,2.9057803987307667,121.61206896551725,0.2627653523798954,0.5165437240177511,0.308458053085854,0.3532181966576321,0.6698361867225028,1.2564509369574328
138524,2021-12-31,0.2238039839447609,29.26842312672409,4.294280440707477,28.04993525868379,0.02386291031479464,0.2155302265703149,0.7870295611919975,3.0640138972851174,,3.7715779137088026
138565,2021-12-31,0.004613389849807715,-1.371794871794872,1.08487091302024,-1.6666666666666667,0.1305083175615224,-0.08622655197429785,0.7136423325392793,33.80334394904459,,0.07248506959775056
139152,2021-12-31,0.4512654404524715,30.60711562054445,1.2713491445236214,26.095792300805726,0.01458809682831747,0.2414079065886538,0.6985178833735906,0.9708896755818699,5.072489490093103,0.4469231816883419
139519,2021-12-31,0.2883779181212742,89344.4,3.9758177177742255,76395.84999999999,0.1328643738227897,0.2867787043448213,0.1646208660764333,0.0113145942277406,5.730327199809761,2.891274858453601
139881,2021-12-31,0.2348141870555224,42.438459943539776,4.324715822613884,35.7083685545224,0.2050796308365927,0.3052291841727635,0.2527983588824821,0.3387740782437781,2.3933957282484393,3.60166673379735
139906,2021-12-31,0.2188309285978542,9.013157894736842,0.5674019607843137,7.631578947368421,0.1022094790037753,0.1545354791514265,0.5522388059701493,1.021978021978022,5.747196738022426,0.1606924019607843
139956,2021-12-31,0.1136023054755043,2.9834368530020705,1.0807100835999588,1.5559006211180124,0.2353972158384113,0.04912633793797457,0.8170217034600862,5.079654997463217,14.127527216174183,0.4050469604706368
140089,2021-12-31,0.0782021580338229,18.44396551724138,1.3013087557603686,22.271551724137932,0.07231087824687792,0.2008628759819285,0.7167377406041628,1.758742525819895,,0.3225806451612903
140446,2021-12-31,0.3516862835120435,586.1183188670625,2.6567353245755663,432.8871630881681,0.1109294976603669,0.1921797128447019,0.2534220606050567,0.1338218662832457,,1.3702062889684816
141007,2021-12-31,0.129111619453177,11.233652644731363,1.5974161528465176,7.438150770512287,0.2695277414325306,0.1392549885140309,0.550951052550524,2.4381192036210555,1.4212384629679338,0.7709721569386457
141390,2021-12-31,0.2947393081188016,18.49905482041588,1.4096728307254622,18.094517958412098,0.0690132837132372,0.2694095215396532,0.758729388942774,1.4394595071977392,4.3683487813250945,1.0387415279056147
141746,2021-12-31,0.215847500198292,11.985436893203884,1.2097880224248694,8.178640776699028,0.2974273271980082,0.2690488319627393,0.7108062926921076,2.1023307902288795,2.0503617945007235,0.6779673251365462
142044,2021-12-31,0.06964865340904328,6.2116577097974375,0.6690454169303411,5.165770979743696,0.2734444049533886,0.1799110888932531,0.5424465496235505,5.412406671483624,8.301200252684776,0.1294455532298106
142547,2021-12-31,0.1160437751105002,228.28974739970283,1.0687114561356112,226.11619613670132,0.1039478892019955,0.1801810716111273,0.3945628900421148,0.6847470890646598,3.275847501874899,0.6556285436323589
142868,2021-12-31,0.1406850909306822,23.068841114445483,1.2495718711864596,18.911988980174154,0.7614702551661915,0.09856763078389122,0.4025918911724126,1.4755569529954788,3.4934529187321695,0.4558757668968638
143221,2021-12-31,0.0982132751232921,5.554285714285714,1.3178851605247544,4.3028571428571425,0.2707249165924533,0.1007846556233653,0.4912765991565241,3.127428383272967,2.2614401657744776,0.5989847715736041
143604,2021-12-31,0.2525798892103559,35.138633377135356,,28.436268068331145,0.497965129797855,0.150189724315284,0.3664114191015119,1.0051647176006198,1.1660236428865496,
144012,2021-12-31,0.1938186946554961,9.394169835234473,1.0001349461442206,9.870511195606253,,0.1445014899898832,1.1692914890770436,4.008405644517652,13.462491680664277,0.8118728071251564
144194,2021-12-31,0.2699335340151642,6.56759229572167,1.7034789695110506,5.651978072679214,,0.2103082994003423,1.1663643638492611,4.040557845920309,,1.0268367567831262
144264,2021-12-31,0.08434036915695436,7.314878892733564,0.6944941267462658,12.858131487889274,1.0790140901946428,0.1233443708609272,0.6530789095131632,3.0944597749946934,4.499652052887961,0.2094068738821482
144620,2021-12-31,0.09435241823394726,9.231270358306189,1.7146260123868509,9.70684039087948,0.3250764312967827,0.03297069271758437,0.6209701233838767,2.4084116140051237,,1.1778908323691555
145055,2021-12-31,0.1513624068885809,4.565649867374005,0.8225740966301258,3.1452254641909816,0.1349489884498838,0.1071475887652358,0.6665497034983684,3.503168225793556,2.943595382078065,0.1665616643566158
145108,2021-12-31,0.08003147087654129,7.4782229965156795,1.0063484991925153,15.777003484320556,0.3682072228205338,0.3260238694674534,0.3892863114945988,2.609286865431104,3.837237205905368,0.6170110077778396
145450,2021-12-31,0.2115907087209198,89.60714285714286,1.8724219210371242,75.71428571428571,0.05987689957971525,0.2031659706710693,0.3674064074281387,0.8741496598639455,,1.3724219210371242
145745,2021-12-31,0.06025145200130675,23.619631901840492,,20.39877300613497,0.748443914457901,0.1302869857228208,0.7855679743083194,0.9308766052484645,,
146087,2021-12-31,0.2585624590547138,18.705118441891027,0.1708993219787044,14.738969572396135,0.009200812342408105,0.1584673050421214,0.9955469651994149,1.9521476660493786,1.588632429127187,0.09410097614322345
146104,2021-12-31,0.1011510921780114,3.0541516245487363,1.177835497835498,2.036101083032491,0.2637879348608481,0.0582741116751269,0.665909617612978,4.219086021505376,2.434932095581915,0.7432034632034632
146205,2021-12-31,0.1792815627321593,9.854771784232366,1.2424577112465405,7.99585062240664,0.03495605927347224,0.04997999021743964,0.8804088932355697,2.518845216331505,20.443826817367675,0.199534544307043
146562,2021-12-31,0.1612584720943854,17.921348314606742,1.3056467498358504,9.606741573033707,0.6646394224815826,0.05069825931563968,0.580438840774857,1.7762557077625571,7.6861674910455395,0.4256730137885752
146622,2021-12-31,0.1386724446851952,3.398297872340426,1.9724188134427953,3.198297872340425,0.06169690674187824,0.06826831588962891,0.8941148296713166,4.807005494505494,5.1833203643520855,1.2340356695110608
147113,2021-12-31,0.158294433219536,42.73099415204678,0.5193437722903435,30.280701754385966,0.09102253400645138,0.02555517559932425,0.6949787406357563,1.2551716549295775,12.76811429867332,0.4135389422913624
147448,2021-12-31,0.06709750612831993,3.0827586206896553,0.4740821641602957,2.0735632183908046,0.02046320528059336,0.04038045827929097,0.9757544861337684,6.6788949275362315,,0.1235402839620264
147486,2021-12-31,0.07481478887682773,6.092979127134725,0.2359680067060179,4.2846299810246675,0.6264975676459557,0.1394505760090228,0.5193123431712271,3.84347419096015,5.401506996770721,0.03412385176906151
147937,2021-12-31,0.2028650016588835,426.70896464646466,3.8683911738858257,338.4873737373738,0.2072511538824598,0.1835201273772084,0.2546148300957444,0.08208354791075582,7.267935248864323,3.0581149327041146
148269,2021-12-31,0.1335428195791937,7.879189399844114,2.650457244398214,6.679657053780201,0.3360656844911118,0.1429608412461744,0.4744493982624639,2.623743192291579,4.685268484678099,1.3490226671867551
148401,2021-12-31,0.1261784577153064,7.091346153846154,1.1557810188120905,3.456730769230769,0.5131349904610887,0.05126404494382023,0.6184420205770867,2.814992614475628,4.6151288445552785,0.2568167406467977
148933,2021-12-31,0.2227656550224675,48.286637777935645,0.7152238917778373,33.381508844213975,0.08752926296109029,0.07417922055224024,0.7393929007883788,2.3175314057381398,3.939178794880346,0.6389643560075273
148953,2021-12-31,0.06496545943425991,6.558791801510247,2.206732917340729,6.010787486515642,0.4502526330986561,0.09379859049696088,0.4242399238337036,3.714434135498212,3.4024152480721663,1.4010322779446884
149276,2021-12-31,0.03909271429246844,25.285932721712538,,20.168195718654435,0.9115739849610767,0.3993755774315843,0.8528168042208715,7.921027949728006,3.223789884957673,
149640,2021-12-31,0.1279415190701571,14.517964071856284,0.3427625524082217,11.303143712574848,0.344176723928774,0.05292500528673318,0.6536008394161894,3.657766623896143,4.6727804306274265,0.2756416811534922
149972,2021-12-31,0.07981688936433731,12.63734983932538,1.0374757436351956,5.575042594948995,0.2363645475331226,0.06403181502611006,0.464907175155053,3.0869136559362973,2.7963545110677903,0.5130680022321953
150351,2021-12-31,0.1211486237715997,13.9744,0.761748989771903,14.228799999999998,0.1515841609436034,0.10367788129961,0.7429472484019262,4.717487966060211,31.660991297767684,0.5898843973415829
150425,2021-12-31,0.09658820691318881,3.171864171864172,0.9566971268625999,2.9364749364749363,1.1067592077213468,0.04471863480937369,0.6003425137501154,3.1790416384200957,6.773321895775251,0.07982766663922504
150756,2021-12-31,0.3251230423769417,59.9327329987206,3.715160618549654,50.03912016533806,0.1049631857506331,0.3424999046294416,0.2363281025964353,0.3897651062942427,33.80914424886527,2.283395069658138
151077,2021-12-31,0.06259205855649742,14.654061486545709,0.5666109048409013,9.435949688842141,0.07678758682925906,0.007196319109029437,0.9898075798332356,2.454482477126304,14.82346822674168,0.0727811148340198
151112,2021-12-31,0.7613801650623785,490.77650245034823,1.2725391699345694,456.34659530564875,0.06495227060281018,0.5968783030992554,0.5932639311464932,0.05498739300327764,7.555086810638173,0.9245207420236654
151271,2021-12-31,0.1301216459531861,6.748091603053435,3.140121058812901,5.440203562340967,0.4994852810733464,0.1318274533504571,0.5035314121288748,2.8543705703678706,,1.9481434637275272
151410,2021-12-31,0.2418459624232252,42.768916337139565,1.3900889691618166,23.20402541431555,0.07909307842229146,0.1492270885688896,0.3830025260165089,0.7994741258666267,2.727789368232652,0.3878202555354873
151433,2021-12-31,0.07013725134530503,5.368613138686132,1.161956079707198,1.510948905109489,0.672737713251833,0.006825273010920437,0.5240351973058852,2.835153256704981,3.661545733869062,0.4579605530703538
151750,2021-12-31,0.108949548067086,3.073781646683404,1.1602552080139699,2.8799479105563246,0.8310156926271799,0.1440068880217908,0.6312655257522756,3.972873408921216,29.1304212398869,0.8264107279935999
151779,2021-12-31,0.1582957064280437,9.162127107652399,1.1158043016630574,8.536964980544747,0.3979124223340487,0.1132527772364062,0.7524732707477672,1.8608287522041282,6.054087419466842,0.336564135988058
151808,2021-12-31,0.05917426833903459,39.25,1.2597840755735492,55.875,0.8353499707781759,0.1141519859585256,0.4014575487438623,0.826676033721397,2.001981236524678,0.4122193595877807
151825,2021-12-31,0.2216946762251734,16.705426356589147,0.8158106092477149,10.426356589147288,,0.08550133595837435,1.3049548702519744,2.6192748091603053,8.615249780893953,0.2700501013500593
151842,2021-12-31,0.1109763672394924,7.884984025559105,1.350912408759124,8.105431309904153,0.161204027320064,0.1107900767161502,0.7266842058588785,3.72636815920398,7.565670414038936,0.5026916058394161
151852,2021-12-31,0.243288480472596,14.39375,0.9518450667364564,10.53125,0.7271457758727252,0.2415267659170098,0.8407845951441215,2.605962498313773,2.3604777415852336,0.1700252987874029
152169,2021-12-31,0.07535444090623288,4.935079105291872,0.7105090652615857,3.4860883797054014,0.6421561115020417,0.05862525890571329,0.4469578402967696,2.9909201837496413,3.1681171598343436,0.1652989254449654
152771,2021-12-31,0.1400976881522073,6.456043795407038,1.5069368215380359,4.59741773743221,0.1682581733817005,0.08500605173403597,0.83846526332357,4.872630081053632,69.68839470761588,0.4195477758816599
153082,2021-12-31,0.1990701659338029,19.405882352941177,1.4671752849204107,18.876470588235293,0.06365919967027382,0.1781359906213364,0.6999373841003781,2.0698101265822784,1.4524925436727738,0.9841292267118772
153156,2021-12-31,0.4201730394701957,,0.7743594392929666,,0.05832393820586079,0.1180925650796739,0.6231204262875746,0.7748489553259665,3.826848521675047,0.07396646083814772
153779,2021-12-31,0.3272387923493647,18.53107820535556,1.7315370790899847,16.404216173080336,0.01350823232232344,0.2539816957307216,0.9163395619525476,1.7133274631521325,2.926021372868809,0.8738641881466112
153907,2021-12-31,0.1354640174477798,27.67656713088371,0.9550943333625728,20.947098377896044,0.329859433351433,0.05115303544622917,0.4363797606463105,0.9925388181210314,5.16110316469176,0.09681764943558148
154641,2021-12-31,0.04015398001780859,10.039301310043669,,10.489082969432314,0.7300171066522902,0.102287704763698,0.7582499816258761,1.542327150084317,,
154745,2021-12-31,0.1495704901465386,15.378378378378379,1.7134375,13.72972972972973,0.03811408111921824,0.1557282195404199,0.9274654074236767,2.1234984984984986,14.881987577639752,1.37625
154979,2021-12-31,0.04794664839479167,14.205970149253732,,11.862686567164179,0.7687769792637733,0.1063972867083796,0.7573066307370836,1.2445410971063378,,
155125,2021-12-31,0.1146388740774064,44.95281608240572,2.6520460723321175,39.80112975577338,0.1489933487442093,0.2491489459304627,0.2888925659183728,1.4110199001116763,,1.5461551198106631
155935,2021-12-31,0.2487930352563686,58.52358024691358,2.9571213632980156,50.3320987654321,0.07209528602667911,0.2510862769369975,0.5431998166242685,1.6160193006319725,,2.2737967406281183
156231,2021-12-31,0.2277978930514365,17.727272727272727,1.502576181363168,15.181818181818182,0.3576318193847412,0.1977186311787072,0.5166574738003309,1.4866613418530352,29.374117647058824,0.5792727808037685
156632,2021-12-31,0.1863456561778717,15.987363584147042,0.8926764204104845,16.085008615738083,0.07238840822883354,0.0573471771860295,0.688470126467469,1.958195709471858,9.29582498723538,0.6773778627927416
156928,2021-12-31,0.08382437404325163,17.7233214143822,0.6432504595418187,14.250105000283785,0.2416168079578668,0.04283727101083904,0.7982216139375182,9.002394938872273,7.035113342784364,0.4053846031859525
157223,2021-12-31,0.1509873419147519,1501.7187500000002,1.7799465360706417,1259.0647321428573,0.1954697968097595,0.1671517593829407,0.454895121684985,0.2211881451019161,72.70242906120068,1.3641385816675273
157303,2021-12-31,0.2269858891249805,18.996337596212538,2.6076527338281723,17.44489273325492,0.2559974282485734,0.2436680525275619,0.3641863775761896,1.059053814854141,3.6091968105199754,1.7186280233326738
157596,2021-12-31,0.1152040084096031,12.822641509433963,1.8517582345622423,8.616981132075471,0.3511392474358623,0.07208671118888611,0.6621902398573837,3.9196262703529663,2.2927119957094333,1.5183943422172748
157883,2021-12-31,0.3951194184839045,4.274193548387097,0.9861546068897313,4.179435483870968,,0.2449899021283206,2.344311887515978,5.105891371003066,,0.6317784737102357
158170,2021-12-31,0.2015966737934498,19.831762376237624,1.4226921693593495,16.08819801980198,0.1737731681805903,0.03602663332725288,0.6729000723482284,1.5575142607909318,,0.08386443900419603
158485,2021-12-31,0.3661508921146627,23.558438091540065,0.8849587500614292,19.308231810901322,0.006374826891328924,0.2084765256685042,0.9314431039101017,1.4861796141232813,4.297377103559392,0.1454506902966429
158792,2021-12-31,0.2211653120245617,5.231343283582089,0.8636313282375097,3.990049751243781,0.2977381252262929,0.1303829048703764,0.7363615855195934,2.609692612791274,28.03454231433506,0.125844688157749
159332,2021-12-31,0.1852627928149251,263.0,2.0385081867798664,188.7,0.3018461123837758,0.1047783856201853,0.3403110401513808,0.5383775351014041,,0.6932231655548817
159382,2021-12-31,0.508368088754664,9.764948714410561,1.2129687926022004,8.038107722735846,,0.4680976358875211,1.7922043599011805,2.0621857600858307,,1.1542668386142447
159666,2021-12-31,0.1239548448199857,13.303913420872806,1.8783921590942008,11.179880695144696,0.3041316011403667,0.0460536759557719,0.5088918908941401,1.8692585256688286,175.5570449568694,0.2633162119401252
160094,2021-12-31,0.02744556838250621,6.97053726169844,,5.8106585788561524,0.7334045468965674,0.3446049752479089,0.9228840680639187,17.31898921084179,0.09500163766134107,
160360,2021-12-31,0.07883541234453395,12.81025037912785,12.149032395097471,8.287084893689457,0.16730741105063,0.125125017138375,0.217763579599877,2.047696113500923,,11.707786466118096
160640,2021-12-31,0.1559494817919239,10.356890459363958,2.652403673490329,7.773851590106007,0.3367035432895,0.1863879436071949,0.6843050413131425,2.4941167925624637,,0.9923041403724796
161154,2021-12-31,0.3118016592336834,37.719298245614034,4.855150415910939,36.99122807017544,0.03755434264861745,0.3380571805223696,0.4195104738998625,1.0272223931098123,3.6688303735456214,3.951466633310401
161634,2021-12-31,0.07724565232697317,7.929824561403508,1.4601341071730436,3.642105263157894,0.4899878749293599,0.032330778643653,0.5019502338592118,3.41242525885956,7.765022421524663,0.8236039894066602
161912,2021-12-31,0.1427632449412498,8.921075085324233,0.6347505231853728,6.17363481228669,0.2327053307938809,0.1110999138831376,0.633940671902489,2.7596564919728546,102.65873959571938,0.01492455116202225
161956,2021-12-31,0.09384522964338377,4.792717086834734,2.4314609751741383,2.070028011204482,0.066178883322433,0.04144515569057177,0.7843581201280849,5.879771880819367,,2.1295320592963027
162225,2021-12-31,0.1334893335538283,,1.1419433471287297,,0.1959644758304295,0.1272332197389891,0.527700469055166,1.1076392760248261,15.422377034412348,0.6543940577509455
162488,2021-12-31,0.1651862225247193,10.350508897411059,3.192657221293111,9.021311323133267,0.2718270586125504,0.1776751891155951,0.4423586940326605,2.1994849759272896,,2.0054431857625197
162623,2021-12-31,0.1378242084936721,2.6129032258064515,0.3743878666856844,2.081149193548387,0.2760551270899405,0.08393496507601103,0.8204804882211765,4.422777441790142,,0.09382874530499691
162970,2021-12-31,0.02217589082638362,-0.9728997289972899,0.9714397935136349,-1.051490514905149,0.06679514512741926,-0.1045724547589446,0.8335159954315248,18.916666666666668,,0.7035966782628212
163232,2021-12-31,0.1697816250245918,17.395061728395063,1.7382903981264637,15.938271604938272,0.1153909074829085,0.1914859946194018,0.4965903783278842,1.686558516801854,3.447741935483871,0.9221311475409836
163495,2021-12-31,0.04444951156048092,34.889952153110045,,28.779904306220097,0.3175428638509362,0.3097194068067854,0.7816984711207718,1.0553246753246752,6.73947528981086,
163755,2021-12-31,0.2062447549652995,11.841831425598336,2.241776965626235,8.785639958376692,0.3088491846461185,0.1010903489927445,0.5643470367505578,1.878140541238778,6.418477601068349,1.2423943105491904
164018,2021-12-31,0.1219150523720922,14.209345794392524,2.26656208209032,8.768224299065421,0.4020881476093776,0.1026705205168112,0.4853263917087224,3.563888028096271,3.8353327440333373,1.3255323526386176
164275,2021-12-31,0.2353071381386678,80.95569620253164,2.800964575812274,53.1139240506329,0.0784157152831271,0.2899793895377368,0.3424117701465322,0.4044917396672351,1.4360880195599022,1.7330494133574008
164601,2021-12-31,0.008504812093481109,7.160907127429805,,6.947084233261339,1.513437937442308,0.07966150730507739,0.9097673875447316,2.37815223707147,,
164824,2021-12-31,0.1891267483810759,7.50071326676177,1.2785506924504655,5.7981455064194005,0.2114985160101775,0.1061041009463722,0.5648872493433046,2.048110482609219,2.6626798873413327,0.7342513127211003
165036,2021-12-31,0.3323576566108227,10.27536231884058,1.2879174484052534,6.053830227743271,0.4154356945332436,0.126430828197027,0.8827260023648286,1.6318374933616568,37.59944941500344,0.2789493433395873
165290,2021-12-31,0.07822573182393042,6.59375,3.8067441860465117,15.171875,0.1663453504095506,0.2119158878504673,0.3665103049054344,3.8470031545741326,2.897824653922215,3.1751162790697673
165575,2021-12-31,0.1567076832705737,,5.665222851577518,,0.09639989730528885,0.3078661514908508,0.1179076738233951,0.0447018014993846,2.9062540186034553,4.690314478304329
165686,2021-12-31,0.1447806966875911,8.380124456224252,1.269786092347282,6.712814381608135,0.1289748196928481,0.1157569831586936,0.6340069532636673,3.191780329155469,10.590832422012568,0.3227729153029618
165733,2021-12-31,0.170616752777931,17.233480176211454,1.5856595326120135,13.179148311306903,0.328176415696675,0.1369777043765483,0.6212272667156729,2.5430885839499964,2.11333310227706,1.1840721771868534
166055,2021-12-31,0.2177090311557655,,1.2852146813121228,,0.06702362116240922,0.1970303553909007,0.3540930398084673,0.08501162413494809,5.05788113006791,0.711646592298616
166306,2021-12-31,0.249526794618688,19.238095238095237,1.9734244495064541,15.29251700680272,0.0453533638267296,0.3519852571620037,0.8267566265060241,2.338091353996737,,1.1716021260440395
166628,2021-12-31,0.01141275272296755,6.938082556591212,,5.883488681757656,1.552417950094495,0.1039467157939488,0.9316897960504931,2.919463725396976,,
166877,2021-12-31,0.07450003796614443,5.055261216963737,1.1152824260775829,3.887679778733866,0.633934927294109,0.1137595590494595,0.4004701549487061,3.1982277783671185,,0.4812263446965078
166984,2021-12-31,0.09361335406635816,13.579787234042554,0.4616815668440907,12.84308510638298,0.3830484027350096,0.1570169252468265,0.58881968106347,3.228065962215818,5.730254290592146,0.1909634299691661
167061,2021-12-31,0.09425294488742722,5.856605547719793,1.0214858425512892,4.829807240244476,0.4383540012488796,0.1066565413218812,0.4833604168972476,3.468914589185393,0.7029402364972835,0.3317893455330563
167458,2021-12-31,0.06405002384307314,4.448529411764706,1.0951398193369928,2.0823529411764707,0.7675363954751493,0.006047558791145585,0.634737725730698,4.3471227048813255,,0.5531507974240394
167703,2021-12-31,0.1683895127882537,8.426654788027054,1.2287372239265921,7.531038549116406,0.05664709457138471,0.1764034730873865,0.6742907219254408,2.696701032606682,,1.0083342683082919
167927,2021-12-31,0.1069742773800053,1.6657223796033995,3.5147324113048706,1.6421152030217185,,0.141725719049604,1.1506601087237898,9.963807635101636,1.7269043760129659,2.878532772098617
168166,2021-12-31,0.008584100810239397,14.213014119091469,,11.505831798649478,1.0746613728085221,0.1227980798897874,0.9449498808466551,1.7604584641055183,,
168406,2021-12-31,0.01996644113226588,15.191961607678465,1.0150985351499247,15.608278344331133,0.4712105064387776,0.5247258074942359,0.8356187011657152,1.3792672984816063,,0.01100544062269548
168587,2021-12-31,0.01939901831774742,-0.7856134643562893,1.8192226199548203,-0.425106534568283,,-0.2496950568741379,1.035823010989576,46.98860366239973,35.43793946805259,1.647890572531426
168833,2021-12-31,0.1057690919850468,13.294117647058824,1.0966618979494516,10.6890756302521,0.2088349248453951,0.1960550926713144,0.6458976787601751,3.3876910480349345,19.513253012048192,0.9449690033381021
169072,2021-12-31,0.1025377059055112,25.84818490677082,0.3646259134175845,18.29317032717156,0.2739495507096254,0.05894833599227441,0.714007861463432,2.9217490136585504,1.2959540103620202,0.1613723480360284
169290,2021-12-31,0.1154830707518539,8.116666666666667,1.5601178336732382,5.916666666666667,0.1600154550272687,0.02304957612220182,0.7771226702399805,2.2303473491773307,,1.2011783367323816
169498,2021-12-31,0.06295791813033193,6.209677419354839,1.138471876479482,10.349462365591398,0.1934722790786251,0.06960733298643078,0.3600820098932569,2.394955590981553,,0.702973472411002
169701,2021-12-31,0.2906511091777114,468.77202072538864,,361.9248704663213,0.06596790529655794,0.3948458078613758,0.3329417157958361,0.2665964057531289,9.493452880087723,
169814,2021-12-31,0.1418733898447406,18.169346168580006,0.8077733257164232,13.790689915104481,0.420425508388367,0.08050940236064547,0.5305329249573595,2.2821861900795737,3.1630359324972472,0.1810143712304161
170026,2021-12-31,0.0214780849976405,8.602690582959642,,6.435874439461885,0.6327028535235729,0.06042389440523188,0.8610790484473272,1.3053657443710092,,
170232,2021-12-31,0.5312273829137647,4.377349013441653,1.6708545222152418,3.7662888590428145,,0.1159255657010836,3.2043239362319094,5.5347257147112225,40.63336782020668,0.851686146780436
170321,2021-12-31,0.2659619882607362,154.2127659574468,3.056607632391976,151.25106382978723,0.1396242703279571,0.2952134108105848,0.2969625445937987,0.3266840381703581,96.09471191791634,2.391819329010922
170822,2021-12-31,0.3030936547828214,22.27570093457944,1.4287353832828065,19.9088785046729,0.02069431076464884,0.454969642455588,0.8100933636134242,1.3490118383719794,,0.7509527934170637
171025,2021-12-31,0.1944847007543901,,4.107672098240643,,0.05204767070347056,0.1921868052958472,0.2130400189394819,0.02019268356244707,2.575566173263719,3.550733155143357
171036,2021-12-31,0.01620061839970494,,,,0.4651439046185751,0.3751655597303798,0.9258452175195476,2.9855335257617384,0.7628791878548735,
171240,2021-12-31,0.0248101755573826,-0.8976377952755905,1.9361419973477507,-0.7937007874015748,0.08135925385517695,-0.2641465677179963,0.8518709108284938,28.148635477582847,106.46464646464646,0.8119963276547996
171444,2021-12-31,0.1431795743404526,10.047712739793408,0.6203029595511501,9.822921790457452,0.8465672679023504,0.1634529515755709,0.5057686064763535,1.5832955100900776,3.7859666084111114,0.2521384755799885
171644,2021-12-31,0.1914943498851222,17.479166666666668,1.4790419161676647,30.552083333333332,0.2709329246931965,0.3612632115115242,0.6350184402266799,1.9286238981390793,4.792523364485981,0.6447955153522742
171840,2021-12-31,0.1080077333066938,4.63819095477387,5.014214112303234,7.853015075376885,0.04031082113337022,0.2352104173853052,0.5621714922048998,4.079597388465723,2.081673640167364,4.159722766074085
172031,2021-12-31,0.03428361228618724,7.976689976689976,1.003901658400294,8.125874125874127,0.391266912592881,0.3369337595062273,0.8467882403352273,3.5390783826519088,,0.01699580122132073
172225,2021-12-31,0.1620111731843575,5.702127659574468,1.4081041968162085,2.5904255319148937,0.3427463141410145,0.05862745098039215,0.5221411090426088,2.041816778178075,8.526928675400292,0.8743849493487699
172416,2021-12-31,0.01737133880152868,15.37433155080214,,12.957219251336898,0.1922418780127455,0.1737373737373737,0.9662309416674455,1.885913043478261,7.759365994236311,
172513,2021-12-31,0.1190433731597614,6.467391304347826,1.006757857026543,5.217391304347826,0.3246347951434813,0.05748999851829901,0.6859030409015836,3.693908122503329,42.10348071495767,0.2002931118710308
172701,2021-12-31,0.07078717412149245,7.944223107569721,0.8062906269658209,1.9163346613545817,0.6912394511864007,0.01701057614081799,0.412340937247264,3.3760436190151646,,0.3035227511008597
172808,2021-12-31,0.1610209391649114,6.979310344827586,0.5470871040723982,2.5206896551724136,0.7333125970611978,0.07954545454545454,0.4589367411838419,2.1372730070791013,45.72631578947368,0.1534219457013575
172999,2021-12-31,-0.02229030660193075,-2.4596257435347577,0.7914099909902638,-2.2691349650069115,,-0.2357263073743117,1.0021088939669018,-27.622215187329157,115.92145454545454,0.7768841365378616
173187,2021-12-31,0.1808445083299739,,1.7169433979536612,,0.04805928544635603,0.09875651537404483,0.6569880290156577,3.040792401643176,214.1396730485444,1.2036355553507947
173300,2021-12-31,0.005255672197764984,-1.9355371900826446,0.8533821654762146,0.1818181818181818,0.7683471358005077,-0.005195159580608935,0.6280025581280942,54.00343642611684,21.548215729298995,0.1814815564233828
173413,2021-12-31,0.07160484045143127,8.881775114950537,1.1627491268211203,8.685941201058938,0.02853944458500991,0.03988337644355994,0.6497303730558736,3.4718284036149463,,0.833491290461173
173584,2021-12-31,0.06776110488342199,14.405511811023622,,11.198818897637794,0.3371050324503982,0.3915211970074813,0.8891480632504947,2.7134644864588657,,
173757,2021-12-31,0.1712619901722046,10.970992366412212,1.2092886967987693,9.380152671755726,0.1107623479429968,0.1061866439681188,0.7485502017691548,3.250433187238814,147.41379310344828,0.3208311967377238
173892,2021-12-31,0.2568105194716174,6.68986897221087,1.9566758488747928,5.395267163874132,,0.3552942840345356,1.0841081743793872,3.536191466551937,,1.4280332262893694
174061,2021-12-31,0.2881990444277315,702.2893309222422,0.7706498073525342,524.1856540084387,0.1032200115747366,0.1071535006164044,0.6223834486662865,1.2951852183361572,3.204340570110414,0.5736771611639739
174180,2021-12-31,0.3490762251115949,20.679566563467493,0.5907188989809159,14.91950464396285,,0.2901487528637346,1.2279111292197442,2.0889198606271777,1.0009866659149211,0.3048650697613389
174293,2021-12-31,0.2049140799072124,31.15009746588694,1.754050447931889,24.99805068226121,0.08621607802452162,0.5107239161999585,0.5465523065045358,1.2840204957102002,,1.3866192261261834
174439,2021-12-31,0.08031731358364416,3.1052631578947367,0.7121314427188836,2.912280701754386,0.2982059533584955,0.1955407483341876,0.7168728573557908,5.903104925053533,39.88235294117647,0.09891964888588792
174583,2021-12-31,0.190024912969593,8.020439061317184,0.577182468274211,6.302800908402726,0.09741827933213248,0.2377800407331976,0.6431131375941512,2.3980343127040356,,0.1974901028056394
174771,2021-12-31,0.1653959839883075,30.314814814814813,3.8940284360189574,25.48148148148148,0.2884246294574746,0.2920901458241273,0.323958632271505,1.0274333948826166,,3.6009478672985784
175003,2021-12-31,0.1946760130162439,5.3689024390243905,2.4341665339914025,5.107317073170732,0.09666193656964026,0.2453916211293261,0.6693264522958846,2.730928324404964,5.748695652173913,1.9364750835854163
175146,2021-12-31,0.1464069554672528,57.72115384615384,1.7425654907218844,54.317307692307686,0.02343075352096265,0.1773491972110279,0.807126897517285,1.189690874131046,4.186679630529897,1.3924636654565692
175286,2021-12-31,0.2419673125183959,23.153954171187845,1.3061993380020036,17.997510691261887,0.07593856182276733,0.1552228888186186,0.5461848830518696,1.1158765185146629,2.832841741149818,0.6904922315670489
175423,2021-12-31,0.1391028936614142,15.155378486055778,1.2489629059751701,9.97211155378486,0.2945687281777238,0.1297010885215689,0.5136500223770858,1.503156361281968,,0.997299784284443
175604,2021-12-31,0.1357972947228044,3.311667971808927,0.6535444167801946,2.092143043591751,0.2009182485825805,0.02971379873588523,0.6062144126558212,3.384399551066218,77.6123476848091,0.1090924038145347
175735,2021-12-31,0.1252824196854562,10.267264196342637,1.0048152628639149,8.083940602227417,0.1762668041184122,0.311212489816197,0.7288219560066805,3.3540085258572816,,0.3685556277024373
175822,2021-12-31,0.1386503007909418,9.950892857142858,1.3053645333375297,8.741071428571429,0.03479787971444289,0.07402663934426229,0.5282530949105915,1.6499859924359155,7.342031379025599,1.102255023840622
175924,2021-12-31,0.06382790342987871,1.5532670454545454,1.4215059127321812,1.3387784090909092,0.8798095605712143,0.004648262017754996,0.6275952494168691,5.621621621621622,10.960227272727273,0.4625135714076117
176052,2021-12-31,0.1138764113147991,7.568181818181818,1.0389739072993505,8.647727272727273,0.3026464709458096,0.07007496876301542,0.7668968283528637,2.0042643923240937,55.54367201426025,0.2005945172299901
176076,2021-12-31,0.2073551175147675,,3.859432593230597,,0.07230487214122132,0.1259307095397895,0.2654238043090212,0.4224414266631887,,2.5445845638272675
176212,2021-12-31,0.1627198530747893,6.285866958607027,3.671102271694573,5.323037222395995,0.03203333080791131,0.1343811098804134,0.6829760983679091,3.2150960365114134,15.446032002046708,2.9932953202944437
176331,2021-12-31,0.1025254865616311,7.583333333333333,1.5734483246147322,6.5,0.1508105292386772,0.08808388941849381,0.6473079956764336,3.431638418079096,4.830707070707071,0.9413261699420331
176467,2021-12-31,0.1199559461454368,31.34164799308094,1.335095717169151,29.665860754019732,0.2491890749904268,0.05586183728690983,0.5687699712437635,2.0466469983496887,,0.3429448566243373
176503,2021-12-31,0.1760199340579161,13.288996372430473,1.072301125910663,10.198307134220073,0.2654454368377172,0.103452965415947,0.6119793722209067,2.1517284529954637,4.554203014472468,0.3128633453528589
