public_date,ticker,roa,intcov_ratio,quick_ratio,intcov,bm,npm,debt_assets,debt_ebitda,inv_turn,cash_ratio,long_term_credit_rating,rating
2017-02-28,GME,0.1851770472407674,14.415011037527591,0.4499685929648242,9.660044150110377,0.8730187677556098,0.0431691884456671,0.5308816154223455,0.8490933430692467,4.689135960572017,0.2464824120603015,BB,0
2017-02-28,UAL,0.1716768928778657,8.104234527687296,0.5238482825980791,4.685667752442996,0.3776441066796252,0.0619050224313382,0.7842800199302441,1.683445994534733,30.02110490378647,0.3604102230180694,BB-,0
2017-02-28,BHI,0.0230087674537273,-3.764044943820225,3.193576388888889,-14.382022471910112,0.4594282992731043,-0.2782237577481963,0.3308290427655774,6.084677419354839,3.4659331358442658,1.984375,A,1
2017-02-28,SLGN,0.146087656882951,4.617429049377019,0.4168073564818844,3.2114530456852792,0.2725154306274769,0.0424452394936608,0.8509505015256923,3.3709365805430767,4.770234123764013,0.0286485075276303,BB+,0
2017-02-28,NEU,0.3004414431091902,21.60798331843908,1.783397263994026,15.50348525469169,0.0980887811729068,0.1187835181226582,0.6588260959196179,1.250215225679498,3.995608790260924,0.6522760446722564,BBB+,1
2017-02-28,HSY,0.2904651741366772,13.49059284013449,0.5609489259433248,8.358575793808955,0.0375986632226129,0.0967777531218662,0.8501743106362343,1.887987253641138,5.299525339291536,0.155525459518823,A,1
2017-02-28,AAL,0.1571487325582562,5.7982625482625485,0.6653690888119954,3.583011583011583,0.1602664451774262,0.0666002986560477,0.9261809104029332,3.107876930933231,26.25958099131324,0.5043973471741637,BB-,0
2017-02-28,MMM,0.2650554675118859,34.55980861244019,1.3412124135713137,25.16267942583732,0.0980035524682061,0.1677239363645422,0.6856804230231569,1.3447165689318157,3.930465015210778,0.4306158546390095,AA-,1
2017-02-28,XRAY,0.0970795192726819,14.027624309392264,1.771076523994812,12.875690607734803,0.674730550804736,0.1147838624409259,0.3028628786643903,1.9656189865298264,3.434868804664723,0.4979247730220492,BBB+,1
2017-02-28,OSK,0.1138642812276636,6.624584717607973,0.8766317553414327,4.6710963455149495,0.4152428894122899,0.0354246144968422,0.5808008108384954,1.731263077801027,4.22620827105132,0.129937159614579,BB+,0
2017-02-28,PXD,0.0590263499193369,-2.8720379146919437,1.9904214559386968,-1.6350710900473933,0.3861305710135793,-0.140723867375348,0.3674585333252324,3.443729903536977,15.18452380952381,1.6340996168582376,BBB-,0
2017-02-28,DRI,0.2027568666799019,16.495121951219513,0.4590932442846134,11.717073170731709,0.2322966254965159,0.0628198896291424,0.5800063627788599,0.5375780671112522,31.224810633128488,0.1545723092730542,BBB,1
2017-02-28,PDCE,0.0409096046969357,-4.289538225425438,1.477670024909638,-2.700335535125863,0.6343131208624867,-0.6422521969627724,0.4153262642776986,7.459521127162272,418.4333333333333,0.9021428201849376,B+,0
2017-02-28,ATO,0.1000608803456595,5.798710287605865,0.3270447368530445,4.078405915480848,0.6959806356414462,0.1398535895405699,0.6494517319012222,3.340703717504262,7.5761995264133075,0.0317589056247112,A,1
2017-02-28,CVX,0.0506441699719298,-8.144754316069058,0.761365423942111,0.3399734395750332,0.7324786692100147,-0.0048107637208401,0.4358538592268473,3.4618733113179228,14.339998298306815,0.2202611294635834,AA-,1
2017-02-28,VSTO,0.1128373381855077,7.017652090515565,1.2218237305338318,-5.169107545555872,0.6623606142164709,-0.0922314859237293,0.5143791176388556,2.754366276070048,3.339434605163866,0.1514582162952549,BB+,0
2017-02-28,ORLY,0.2765203600666903,21.546028606208157,0.1408551720568632,14.157980827754107,0.0664309682822603,0.1207586881375467,0.7741402953198478,0.983246420852326,1.4285121731256116,0.0431088301086057,BBB+,1
2017-02-28,HD,0.3378455367926893,13.489690721649485,0.4184987021242782,8.921649484536083,0.0394821171605122,0.0822980035986633,0.8582507931814822,1.4517200674536257,4.858633776091081,0.2309689039571966,A,1
2017-02-28,EXC,0.0765521570417712,2.4511323003575685,0.800624210448094,1.6758045292014303,1.3409464266928457,0.0361607142857142,0.7596950497806865,4.461796496459187,14.551186017478152,0.0659879616556439,BBB,1
2017-02-28,OGS,0.0861458938849826,5.684953209826992,0.922227002723384,3.9593992268531233,0.8752481757977645,0.0981585334409542,0.6179729225856404,3.2387849347013797,6.055529352764527,0.0330297589951636,A-,1
2017-02-28,CPS,0.1726436688619711,7.039044190485394,1.514116168998949,4.358090313851506,0.3863539327925983,0.0400208356668838,0.710322101118031,1.8428039681255268,18.23039305085547,0.6322473931377429,BB-,0
2017-02-28,EOG,0.0918697204557403,-3.9968117801372944,1.5807232410147336,-2.4999760644154447,0.3287956117182983,-0.148937568735287,0.5253954480386639,2.695022487587369,4.80565718814018,0.7891787612138563,BBB+,1
2017-02-28,CONN,0.0437732620996217,0.6283294842186297,5.563161452087648,0.7492738003592505,1.7626632370399682,-0.015086040518065,0.7401425467877096,13.795441226191818,4.200766713993108,0.6875307969039572,B,0
2017-02-28,UPS,0.1956842212281415,13.860759493670884,1.1514919011082694,9.686075949367089,0.0051955872279803,0.0563327094210751,0.9893751393119844,2.0879334978568647,163.71384615384616,0.3893435635123615,A+,1
2017-02-28,CMI,0.1517332891026704,20.964285714285715,1.1634682080924856,17.595238095238095,0.3036402097218597,0.0796161973842024,0.522083805209513,0.8115435067774377,4.659977703455964,0.3190751445086705,A+,1
2017-02-28,ALV,0.1613208205635823,14.23397435897436,1.2963889744379429,10.088141025641026,0.3740474833557033,0.0562956639135959,0.5231710871466045,1.214128382630585,10.394665948275865,0.4722436094856791,A-,1
2017-02-28,SO,0.08125947397814,3.900531511009871,0.537276457381745,2.8929384965831435,0.8431880974725753,0.1253015681544029,0.7548337693829367,6.212462364183794,5.2035661218424965,0.1528992800185802,A-,1
2017-02-28,RYAM,0.1683365210358853,4.051301619604851,3.159105048866348,3.071454817829786,0.3165704818613839,0.0843598306034894,0.8510843292152476,3.433474626420784,4.944338473276806,2.572511990171603,BB-,0
2017-02-28,MCHP,0.1424721443049575,3.725825095057034,2.8676283942991785,1.7683574144486691,0.2127431069949696,0.0329892241970387,0.6400888288071636,3.3233765087490896,2.881540818685709,1.9254253883284151,BB,0
2017-02-28,ADI,0.1684346190669043,14.0654530442657,5.873174494912726,12.474777606136472,0.267065546317658,0.251844780907515,0.3518898587978989,1.368235843326148,2.673622616682871,5.180248909869798,BBB,1
2017-02-28,BDC,0.1195963184457906,2.95903208837454,2.259497544184513,2.3466912151499213,0.4675593425655019,0.0544434605153803,0.6161301228353555,3.803900253802936,6.807749449980587,1.4871948642681916,BB,0
2017-02-28,DO,0.0991102306119497,2.6100335897713727,1.4110584759426603,-2.363518980026728,1.6257384440685383,-0.2381212036754111,0.411455368645691,3.10828006487621,24.36588551220156,0.4589382053985474,BB-,0
2017-02-28,ITGR,0.0896114815624387,1.5278781342679968,1.577345858978512,1.0535723914801831,1.0253384262544385,0.0042984529607478,0.7439618745417104,6.640910294744195,3.934693296069488,0.281373501781665,B,0
2017-02-28,ESL,0.09631329854092,6.058641874979684,1.7260500652667263,5.053765887592237,0.6105557418179498,0.0620307193973709,0.4703936167556155,3.0064718459947097,2.701293588916469,0.6266077076955661,BB+,0
2017-02-28,WNC,0.2606634686582374,13.03677456425972,2.049359597632852,8.625167592415247,0.4971213865953729,0.0647177589783271,0.4743811565837685,0.9870147116801194,9.79412579210582,0.981112031401923,BB,0
2017-02-28,STLD,0.1821934015501892,5.795339787523395,2.3210285978830414,3.5725759758708446,0.3891452008453482,0.0491332961901395,0.5503082943061759,2.049111000982464,5.099102903941721,1.180506863632219,BB+,0
2017-02-28,CCK,0.1358886793414547,4.309523809523809,0.5511049723756906,2.9682539682539684,0.0774003410076746,0.0598744567841622,0.9304094176476716,3.68417104276069,5.356387306753458,0.1930248618784531,BB,0
2017-02-28,TIF,0.1876514849172126,16.285714285714285,1.7416396979503772,10.46734693877551,0.3183151217050825,0.113274291878873,0.4277457492482906,1.142312480547775,0.5708056252044043,1.1446601941747572,BBB+,1
2017-02-28,CTAS,0.2307138214201872,13.581107480885176,1.0686498775516715,9.310283269897942,0.1903580029692177,0.0981944056124961,0.5330669789494457,1.2576678113501605,3.2972617535280846,0.2884263594955289,BBB+,1
2017-02-28,CLR,0.0938175215122145,-1.8572943767508316,0.8593436458660672,-0.2468071699078492,0.3208227076857273,-0.2018302526974816,0.6885269497564978,4.88210167514615,4.326790790635401,0.0178497693569128,BB+,0
2017-02-28,NEM,0.0624066821024387,0.1405228758169935,1.884,0.2810457516339869,0.6259633686491191,-0.0327819997019818,0.4354048785126718,3.2004160887656035,3.1841929002009377,1.6068571428571428,BBB,1
2017-02-28,TJX,0.382219411448795,54.69806704534073,0.7007266266257546,33.71818350907816,0.0966543349789594,0.0699785777490858,0.630863300134748,0.4001214050473864,5.679459406751664,0.5498633994211646,A+,1
2017-02-28,STZ,0.1392279717828506,6.082954545454545,0.5161513989721837,4.768465909090909,0.2706683660837004,0.1830488360219134,0.605674441652214,3.466977173548171,1.835094919147728,0.0637286891263561,BBB-,0
2017-02-28,RAI,0.1118875756094288,9.126198083067091,0.520160481444333,10.701277955271566,0.3919490967280385,0.4857234263776694,0.5750856248165183,2.2558259081562717,2.8061556673572063,0.4114343029087262,BBB,1
2017-02-28,SWK,0.1237957360616999,7.70642673521851,1.1791629563668744,5.962982005141388,0.4059185466232291,0.0846242186746618,0.5923478883779237,2.007131994336357,4.5773532152842495,0.4031344612644702,A,1
2017-02-28,GLT,0.093253854777193,4.315013481727956,0.7572187944063824,2.2365326143078423,0.6812903957528262,0.0133797824621431,0.5702073085516667,2.641841733963883,5.339321329166021,0.1716474051967271,BB+,0
2017-02-28,BLDR,0.1284992467961861,1.6635340968179686,0.893351901491592,1.9153001306294308,0.2529870562990901,0.0226691631785232,0.8935972427795305,4.842546536281773,8.984397278767105,0.0191454318753089,B+,0
2017-02-28,HZN,0.1121752473675856,1.747011952191235,0.7064553575934992,0.3844621513944223,0.1158094098883573,-0.0190388170055452,0.9477313856236854,6.602641509433962,3.550416211533391,0.2535708878009388,B,0
2017-02-28,AXL,0.1720995970409575,4.073073073073073,1.7145049884881045,3.4094094094094096,0.3691286531883911,0.06096757852077,0.8462921609002059,2.453608247422681,13.584444444444443,0.7386032233307751,BB-,0
2017-02-28,GWW,0.2533109673407224,17.770224784873854,0.990682267024446,9.867412047064336,0.1363849870277492,0.0597726947193723,0.6653204683203768,1.5357821440580888,4.14510784227874,0.168297484801438,AA-,1
2017-02-28,AMC,0.0750273089020403,2.191077614224475,0.5504603974133654,1.9187901626665127,0.5484581111395715,0.0345093678747381,0.7673257353381068,8.599507642207081,122.196546836149,0.1935863907365518,B+,0
2017-02-28,DLTR,0.1394480731799263,4.321246306741875,0.5716954141889415,3.1579371474617246,0.3669811214932304,0.0392876004929288,0.7056577733324029,3.206702122964205,4.486505305039787,0.4148155153865251,BB+,0
2017-02-28,GFF,0.0493443863433586,1.4721077809235577,1.1863340870548331,1.3131309186761688,0.3315794946626254,0.0120112675381208,0.7677806882847079,10.800199125678056,2.193261238426168,0.2152771629196265,BB-,0
2017-02-28,LYV,0.0793284659804758,1.8314836722813737,1.0805143508387445,0.5586164159765648,0.2438791595489105,-0.0056266153628502,0.7491843165245128,4.513432666903423,418.2049352586265,0.6216911131126379,BB-,0
2017-02-28,NP,0.2021094264996704,10.191666666666666,1.1111111111111112,7.116666666666667,0.2438257633971899,0.0779607010090281,0.5581243469174504,1.4409654272667969,5.875897002954834,0.0342592592592592,BB,0
2017-02-28,BIG,0.23410740623948,57.940071745093896,0.2309024514967286,34.22262080607723,0.2842892796694061,0.0302470896863614,0.6384647532763577,0.2215836865076056,3.5543836564622358,0.0861913732140437,BBB,1
2017-02-28,COST,0.1478109360518999,28.705426356589147,0.4218377798951882,19.72093023255814,0.1815472380971132,0.0201926453619625,0.6502912707052282,1.0391252006420546,10.908780812791472,0.3233831586469748,A+,1
2017-02-28,ADM,0.0641343242499311,5.313099041533547,0.9271995748880284,5.086261980830671,0.720330154506651,0.0205145478458922,0.5673765998642158,2.704252828716348,6.7660770762562965,0.4498595612237152,A,1
2017-02-28,SHW,0.3218892673497669,11.81947328799128,0.9044927874835772,8.351013706453456,0.0781024766163099,0.095541584476267,0.7218163408895729,0.967106664355234,5.49690635098924,0.3145057276333523,A,1
2017-02-28,TSLA,0.019602922773878,-2.629887454633586,0.7194677196947661,-1.7491293314487515,0.137924317150861,-0.0964144676128964,0.7390624263702611,24.06973419270945,2.6627128513744087,0.6004345285442522,B-,0
2017-02-28,LPNT,0.1228340830477923,2.644847699287103,1.4729764019284444,1.7900194426441998,0.9830910455850292,0.019154619736015,0.6293559107453711,3.852855631940773,38.18510638297872,0.121923369703121,BB-,0
2017-02-28,OKE,0.1055965354542312,2.6570791392672857,0.4331573895169071,1.7373157699659754,0.1498577092259435,0.0396920322468477,0.7875352931586836,5.661295158506764,17.76793896495678,0.0877339557464815,BB+,0
2017-02-28,EMN,0.1297154628556714,4.989583333333333,0.8144846796657381,3.9652777777777777,0.5209885763866301,0.0948046181172291,0.7018826421685967,3.2724565756823822,4.2178286507110645,0.1008356545961003,BBB,1
2017-02-28,CRL,0.1644040108804955,9.963780588191272,1.3058848724257612,6.780326274040261,0.2473225690331637,0.0918770429015268,0.6851596725422229,3.142916401577809,10.039806296421338,0.2838244571024202,BBB-,0
2017-02-28,SBUX,0.3657208497434061,44.10835214446953,0.7354936547210471,33.527088036117384,0.0716481056797569,0.1329577906649504,0.5884013352980105,0.6825718947583113,11.781109790236608,0.4659190677627903,A,1
2017-02-28,AMKR,0.2073583601714851,3.2135060398777475,1.1352791845363397,2.8381603842235483,0.5501923565155029,0.0421688216794845,0.6570443534177923,1.7511095596668826,10.469767579687668,0.5484134315639168,BB,0
2017-02-28,VMC,0.1158486617893751,4.8510074605776285,2.126470809469058,3.984273441474029,0.3185157627831769,0.1175744927097335,0.4602503106011644,2.040910031279237,6.660738080148523,0.7200089188811639,BBB,1
2017-02-28,ON,0.1314063368538077,2.5106675843083277,1.2238120590975643,2.253269098417068,0.4012570911387783,0.0466098441219381,0.7287996071861822,5.107586012408348,2.5866561833089974,0.6960601623851991,BB,0
2017-02-28,HAS,0.1988112004352185,8.427760381910579,1.7553643426281276,6.660695036189107,0.1929180242977754,0.1098405481309895,0.629678950599898,1.7644211052968293,5.779112549487351,0.8071506849484411,BBB,1
2017-02-28,BBY,0.1661288264143375,21.945945945945947,0.6686979627989371,15.554054054054054,0.3498694045322909,0.0272354845235686,0.6793566474841375,0.6434372256365233,5.657575324860774,0.4641275465013286,BBB-,0
2017-02-28,BID,0.0645064380281921,5.429231276806335,1.4937380127191358,3.445133619267569,0.2442171659254465,0.0920215004898327,0.7981166143459619,6.280656948013971,2.342648163544644,0.7471812645109188,BB-,0
2017-02-28,CY,0.0494676828676817,-1.288501956805334,0.8629239939241832,-11.433885345702276,0.5127117546110509,-0.3568447533887852,0.5111531350088885,6.288947522419626,4.198972092944477,0.1784450863184508,BB-,0
2017-02-28,DUK,0.0710153317816451,3.2109988776655443,0.3910483940784348,2.43658810325477,1.0247911068575846,0.1125076909554364,0.6908655403318745,5.588065661047027,3.7474086197490455,0.0339364557181196,A-,1
2017-02-28,LW,0.2790676500045525,34.44295302013423,0.6969561574979056,22.261744966442954,0.2446868053776276,0.1031015068181079,0.5909010011123471,1.2036296900489396,4.179040119985002,0.1199664898073164,BB,0
2017-02-28,FE,0.0858446530655058,2.145724258289704,0.3348301992702779,-4.390052356020942,0.7303972886484711,-0.4241862381540997,0.8553583016594049,5.511241446725318,15.52260934025204,0.0279259051361212,BBB-,0
2017-02-28,JWN,0.1910752654688133,7.454545454545454,0.3407204448384237,3.7520661157024793,0.0954876532243737,0.0227552275522755,0.8874988092592004,1.8173076923076923,4.129214143075297,0.2004996373599807,BBB+,1
2017-02-28,IPXL,0.0872533877274226,1.8777056538210948,1.4188513774259002,-10.390434593759805,0.6389305658841404,-0.5725550653846481,0.657724718022532,5.0871704487038265,2.532505352180099,0.5605961583946422,BB-,0
2017-02-28,BERY,0.1507459794613447,2.3274647887323945,1.0196407185628742,1.9964788732394363,0.0879241986019716,0.0443643204263991,0.9768583222283616,5.00706940874036,6.853410740203193,0.2639520958083832,BB-,0
2017-02-28,UTL,0.102915478708728,2.7552742616033754,0.7405313736574336,2.1434599156118144,0.6128205252850407,0.0706833594157538,0.7402056372983513,3.814119749776586,387.8571428571429,0.0327868852459016,BBB+,1
2017-02-28,SANM,0.0950978727996465,9.187448559670782,1.0071768505391463,9.45942386831276,0.610673762154343,0.0308356299100389,0.5647331787184305,1.470753813692056,6.449337659418499,0.2803724557044024,BB,0
2017-02-28,FLOW,0.0678550891316848,2.3800350262697023,1.240378122889939,-5.686514886164623,0.5510600353345111,-0.1912825651302605,0.7072065150583897,5.527417746759722,4.593836565096954,0.363099257258609,BB-,0
2017-02-28,ZBRA,0.1220016542597188,1.4818652849740932,0.9241306638566912,0.2901554404145077,0.1752870562569586,-0.0383324006715165,0.8290155440414507,4.488135593220339,5.005390835579515,0.1643835616438356,BB-,0
2017-02-28,MTDR,-0.0414020048159181,-5.553998557948525,1.6290787882363351,-2.054045581366187,0.2692194586601248,-0.3684300096058573,0.5279159398224168,-10.640636297903107,103.91553187290307,1.263337364679508,B,0
2017-02-28,GPI,0.0944253535495546,3.210467521360062,0.2429340363944188,2.283480097396647,0.6543776719098904,0.0135075533551342,0.7915239304843695,6.512582945795623,5.48302821069128,0.0102244538426207,BB+,0
2017-02-28,WBA,0.1196525886796843,10.258320126782884,0.8333857089412645,7.524564183835182,0.3482470108245277,0.0352425547214066,0.5645089430076388,1.988666747690812,9.254742767448784,0.4005985783763562,BBB,1
2017-02-28,AN,0.0990197927445293,4.300779220779221,0.2049509366636932,3.242597402597403,0.4904916144068526,0.0199777870331806,0.7703479125248509,6.76392463708432,5.130550609217481,0.0111164482261716,BBB-,0
2017-02-28,LABL,0.1462767849146453,4.187662564540549,1.4700203937421612,3.040490702278815,0.3175129968698001,0.0579897063609834,0.6676039824351274,3.220882820476369,10.6379811791329,0.2195920848927265,BB-,0
2017-02-28,YORW,0.0924627554279675,4.347198480531814,1.4508797653958945,3.249952516619184,0.3426646982236757,0.2489492266308002,0.644108782067683,2.88819515523712,12.056690837178644,0.5142961876832844,A-,1
2017-02-28,AMD,-0.0183514774494556,-0.8333333333333334,1.3216939078751857,-2.185897435897436,0.0402720010563147,-0.1163389513108614,0.8747365251430292,-24.322033898305083,4.006997900629811,0.9390787518573552,CCC+,0
2017-02-28,PCG,0.085828842553643,3.3034090909090907,0.7537017451084083,2.598863636363636,0.9139448856868072,0.0796445148873542,0.7348027639289775,3.2560932532673967,26.61640798226164,0.0243257535695399,BBB+,1
2017-02-28,HES,0.0352776362710137,-8.06766917293233,1.7561083962683253,-14.36842105263158,0.7660191347441133,-1.2876942461150778,0.4552601236854058,6.14259927797834,7.977839335180056,1.2136828076410484,BBB-,0
2017-02-28,THC,0.0943306533286485,1.4305694305694303,1.2223599405057015,0.8131868131868132,0.4704800026260355,-0.0095306049640691,0.8593174365410308,6.684925503943909,54.61102362204724,0.1774913237481408,B,0
2017-02-28,CHEF,0.0931087856915645,1.9806438256909225,1.6483785646432096,1.1564537832522512,0.4833969134732096,0.0025342326799489,0.6941619918615773,5.855771770714098,9.687710811290607,0.3060517443701455,B,0
2017-02-28,MSCC,0.0994963329504285,1.1930333817126269,1.7257341961174717,0.7329462989840347,0.3041103590845256,-0.0208936580934537,0.621484846094023,5.780005074854096,3.0712519667340974,0.5378297660527626,BB-,0
2017-02-28,ERA,0.0251594821633117,-0.7282546901648664,0.9893534153044582,-1.091937890847072,2.112034836145857,-0.0814307063422743,0.5472843727370359,14.707983321344535,8.851571098781388,0.2330736600607859,B,0
2017-02-28,MERC,0.1582037347455184,2.2053902084343187,2.880755608028335,1.6775181774115364,0.5753949506749796,0.0375076613608723,0.6728010853467827,3.456551433708205,5.1147377319166925,1.5122464312546955,BB-,0
2017-02-28,CAVM,0.068340781876342,-2.1993874666247843,2.1958926501619755,-10.560310978482802,0.1813221148376986,-0.2440006364844841,0.5505422194433186,10.28642828061604,1.809251294233388,1.3162481053288553,BB-,0
2017-02-28,LOW,0.215372846740613,9.281055900621118,0.2182474369906205,4.787267080745342,0.1134132330333442,0.0390433655092926,0.7961563685095948,1.9789572443372203,3.880494929584154,0.1722421622479129,A-,1
2017-02-28,IBM,0.1437852301888448,9.940397350993376,1.1670572019297036,10.835264900662253,0.1189201861144313,0.1486611611611612,0.8434323657103941,2.5729452681676737,23.950386597938145,0.235065472088215,AA-,1
2017-02-28,AMAG,0.09054427251041,1.7862835427118504,2.1775330241596538,0.9660574412532636,0.9469092122741052,-0.0046664950168298,0.6229909628126884,4.388145808776105,2.25105580016174,1.850842343796444,B+,0
2017-02-28,ABC,0.067058195209499,11.890747665447268,0.4684150823202286,10.098406215556473,0.2557708583458355,0.0090724621528144,0.9369895398017366,2.06705111416924,13.31584261869175,0.0907734302107434,A-,1
2017-02-28,SFS,0.0539538300260645,1.4398848533104671,0.3899194159582742,1.3965211000183744,0.6633599367360834,0.002982176726446,0.7171462682958935,6.669155132952859,14.272343262372637,0.1347664354917664,B+,0
2017-02-28,QCOM,0.1579873570789544,21.22044728434505,2.5250222801124287,16.619808306709267,0.3239226445951667,0.2056102279417949,0.4004553171410364,1.4672059738643437,5.305729417428984,2.1584972921094123,A+,1
2017-02-28,DAN,0.1332462442847812,3.8053097345132745,1.3136472466081404,6.663716814159292,0.4370515399141309,0.1098523858565053,0.7444444444444445,2.718954248366013,7.613618368962787,0.5881883479648843,BB+,0
2017-02-28,CPB,0.1970217640320733,11.130434782608695,0.4523298888672256,6.747826086956522,0.1200668010199983,0.0830402010050251,0.8024410038706455,2.302168447517285,5.332218506131549,0.124293234548645,BBB+,1
2017-02-28,DFIN,0.1776788199276371,9.5327868852459,1.64247311827957,5.844262295081967,0.1483018041828851,0.0600915099135739,0.886505261007253,3.677944862155389,26.738660907127432,0.1946236559139785,BB-,0
2017-02-28,CNX,0.0116979898908629,-2.4922230917939494,0.5964570740435781,-1.824248612284457,0.908110389656016,-0.290430620734499,0.5708954537253507,23.579798718188464,21.59128048668193,0.0643341482148138,B+,0
2017-02-28,ARCH,0.0239911587687163,-1.1503646459909334,2.4506214949828813,9.66946693038082,0.3825841274145859,0.6460352198671291,0.6505765944630644,4.176399502808213,11.640456248267146,1.4876613789149702,B+,0
2017-02-28,ALK,0.2217641709608972,26.654545454545456,0.790138067061144,15.8,0.3101556291861323,0.137244983982465,0.7057819714916683,1.6205576817933296,71.6734693877551,0.6232741617357002,BB+,0
2017-02-28,MKC,0.1666940078961471,11.830357142857142,0.4677725451606101,9.410714285714286,0.1493345794654233,0.1067664059843591,0.6466489786233526,1.8989633906311507,3.380682980028628,0.0832220425950657,A-,1
2017-02-28,NOC,0.1457617640009587,10.60797342192691,1.0728241563055063,8.308970099667775,0.129158809788173,0.0897666068222621,0.7946825954556103,1.9375171279802683,22.520024645717807,0.4513321492007105,BBB+,1
2017-02-28,CSX,0.1331384043262885,5.853195164075993,1.0196078431372548,3.9602763385146806,0.6379404572554497,0.1548468696359201,0.6697916078387078,2.4078891257995734,16.85336856010568,0.5,BBB+,1
2017-02-28,NDAQ,0.0879627849755872,7.214814814814815,1.0612444879960805,1.8,0.550050947775884,0.0291497975708502,0.6162544169611307,3.1494755244755246,17.18982303409438,0.9152376286134248,BBB,1
2017-02-28,DY,0.2491220919023769,7.608927746999076,1.5137401240541153,5.298418744228993,0.2863407000187081,0.0529657453856839,0.6641690749817968,1.808506135465416,4.869009314940062,0.0880456100933928,BB,0
2017-02-28,X,0.0415258855585831,-0.5,1.193908193908194,-0.746031746031746,0.4012199659513443,-0.0428808108371503,0.7516375545851528,7.955380577427822,5.278310940499041,0.6499356499356499,B,0
2017-02-28,SCI,0.0622955632051252,3.465849851628386,0.6097477085541116,2.092200156700166,0.2876597246157444,0.0584064659565041,0.9090186539475464,4.469744411665736,80.21648914605831,0.3847844274638853,BB+,0
2017-02-28,AMRI,0.0898933363531007,1.068807454349623,1.2864777401747969,-0.7576584925982517,0.4213488452277719,-0.1230099044613901,0.7528355356268932,6.871239573729014,2.759578999929781,0.2976105014870269,B,0
2017-02-28,BMY,0.1641738599037507,26.819209039548024,1.409682162651284,26.180790960451976,0.16603951543971,0.2294229680341792,0.515026552348177,1.248464544946957,3.4922826969943137,0.718244542472571,A+,1
2017-02-28,WEN,0.1075487504153188,2.700945976550931,1.954446477544865,2.129109248967788,0.2922442645133165,0.0903040090064357,0.8660335276649691,5.80501319383148,207.92991763227695,1.112008379657599,B,0
2017-02-28,CBT,0.1612635078969244,6.055555555555555,1.336333491236381,4.888888888888889,0.3904375896586466,0.086812732534105,0.5425691436187937,1.959278350515464,4.729651162790698,0.3737565135007105,BBB,1
2017-02-28,TWNK,0.1145600182632992,2.514582369877523,1.163510574832092,1.787776169946146,0.9794482420613452,0.0725783618706242,0.5676061451768537,5.441495007256266,26.41131257390619,0.2584050189557955,B+,0
2017-02-28,FTV,0.1876704501181787,25.879591836734694,1.325673371974088,18.802040816326528,0.1448954501082094,0.1401442732516106,0.6714205475103178,2.3237146218254794,5.632599531615925,0.5476986021138766,BBB,1
2017-02-28,KMT,0.105440885839988,5.1118304047805365,1.3919557211308535,-1.3087785444974032,0.3662679063663844,-0.032719973505033,0.567576742984625,2.7611171430827546,2.7363502654032628,0.3165287267388198,BBB-,0
2017-02-28,H,0.083545128706419,3.784810126582279,1.2023809523809523,3.5822784810126582,0.5478059686199311,0.0460600587039963,0.49567686153052,2.4399375975039,173.65,0.7619047619047619,BBB,1
2017-02-28,ALB,0.0798524050752969,7.301182309568293,2.5053482009958747,7.297246031632842,0.4344179602692607,0.1649273514186261,0.5169092022785355,3.3382252862680115,3.146696892880121,1.990834161474884,BBB-,0
2017-02-28,MPG,0.1407732951614284,2.192270531400966,1.552815146985551,1.930434782608696,0.5965585963795293,0.0345074712437739,0.7871180065820405,4.118920124944221,11.823852632527132,0.5224215246636771,BB-,0
2017-02-28,CTB,0.208445692880191,13.391255908170155,1.897644634534977,9.385584064821066,0.5231839926179548,0.0849203844685009,0.5685125763773696,0.6183285064129086,4.853818686049357,1.007206268195378,BB,0
2017-02-28,BIIB,0.3004841723766918,20.99780139245145,2.260475452498611,14.568340051300844,0.1998075228254272,0.3234225421004822,0.4698296964610436,1.0235414212799372,1.2243799472295511,1.431357642036317,A-,1
2017-02-28,FANG,0.0272473474647302,-1.6708142592772963,8.551475575851955,-3.018554592383364,0.4058706061505935,-0.3130939259011927,0.2488724559225972,10.011696329959625,201.57693344112096,7.963399604474974,B+,0
2017-02-28,FDC,0.0713156696225252,1.6487006737247354,1.037267452294072,1.404234841193455,0.1258819248826297,0.036256906077348,0.8956616698103842,6.945529676934636,64.02777777777777,0.0230304480468983,B+,0
2017-02-28,BKH,0.1010274421725288,2.688179669030733,0.6811559064424965,1.5227451823196505,0.6566732628240669,0.0463898322540614,0.7337972669245565,5.872079052111872,10.390650672407844,0.0300303827008023,BBB,1
2017-02-28,EXP,0.1876274617953147,13.531152408744177,1.396172830449682,11.296984590180722,0.2785091729457544,0.1697753587650429,0.4305202039388393,1.3638321063037588,3.426551879596825,0.4082558712260146,BBB,1
2017-02-28,M,0.1170942034251387,3.646112600536193,0.2931972502214162,2.844504021447721,0.478487418161236,0.0263278738711158,0.8012574308290726,3.144393876706661,2.636359872479609,0.140736367087006,BBB-,0
2017-02-28,MDU,0.0968764509190041,4.609179603884545,1.1038483765618023,3.62607872738334,0.5284792524584296,0.0564557302944079,0.6314335010431275,2.8622485362258128,14.24142276422764,0.0688514602207989,BBB+,1
2017-02-28,DIS,0.1850759085354442,34.728606356968214,0.8220436441153371,22.980440097799512,0.2824433889848398,0.1629449720872907,0.4773497959082972,1.2256409493783833,12.31187707641196,0.2606866374957927,A,1
2017-02-28,AYI,0.2160758199552375,15.50595238095238,1.5273704995168678,10.05059523809524,0.1637987017914108,0.0892862385859831,0.4280562822597753,0.6049872122762148,6.221404682274247,0.5989581145233793,BBB,1
2017-02-28,GLW,0.0989264075399496,8.774725274725276,2.7542711741185024,21.302197802197803,0.7079285325900752,0.3935037273695421,0.3562493279329008,1.3975644699140402,3.07843137254902,1.9233006179571064,BBB+,1
2017-02-28,TMO,0.1057922842510931,6.055792163543441,0.9880595174483128,5.312819420783645,0.4340534525333611,0.1108289874740753,0.5308108696836029,3.6216893186966375,4.270820451843044,0.1656870401578363,BBB,1
2017-02-28,CSCO,0.1292044043630479,17.858741258741258,3.269124618139682,15.868531468531469,0.4113631362160456,0.2173273095242963,0.4778469852994877,1.942342282326294,12.535111808552374,2.745296534288423,AA-,1
2017-02-28,DDS,0.1497112066705286,5.6561834277508645,0.2684062954657931,4.099477679064557,0.964229261522729,0.0299805951976281,0.5532107376652848,1.3709616848136963,2.6576586422019037,0.1579152670075966,BBB-,0
2017-02-28,THS,0.1235056277831801,3.2742683615557677,0.8406189320738495,-1.116395552304858,0.7139670185589063,-0.036959358190205,0.6175691914628904,4.41027776153811,6.220038767034194,0.1088151368880862,BB,0
2017-02-28,WPX,-0.0014089919303189,-3.3399014778325125,1.0605612998522895,-2.0147783251231526,0.692315182011991,-0.8831168831168831,0.522852422907489,-234.0909090909091,10.547368421052632,0.7474150664697193,B+,0
2017-02-28,AVA,0.0883062181174511,3.3260989326294044,0.7313043520935985,2.574979915069437,0.9699155486198152,0.0951331835453173,0.6895382178650428,4.109085628904466,18.451117604362476,0.0208746392885887,BBB,1
2017-02-28,DHR,0.0876285187264415,16.102494577006507,0.7209339540296772,12.677874186550977,0.4269197841875094,0.1275529545562242,0.490525507061439,2.994337872797384,3.342777544154752,0.1401949374454466,A,1
2017-02-28,TIVO,0.0772614602639535,1.8964531498147168,1.748973800053787,1.7887559555320276,0.7918980897629032,0.0573862297082236,0.4249544468076329,4.57090603853747,21.75194253042076,1.0959496949709129,BB-,0
2017-02-28,APD,0.1400377691630821,10.662609871534825,0.8491587108255355,8.235970250169034,0.2505448859958935,0.142315722283541,0.577240824789635,2.274587288485349,6.6100562053774885,0.2176849413978456,A,1
2017-02-28,NWE,0.0752058761392809,2.5247603013940503,0.376306546416609,2.6853019073233826,0.8192445397849798,0.1305805462252047,0.6951938248376481,5.232082273374408,16.597132393049172,0.0154846928801365,BBB,1
2017-02-28,MLM,0.1323483167944329,7.755937573339592,1.0332480771623234,5.991621685050458,0.3431844828145308,0.1113940717234885,0.4325922608224597,1.803095512058469,5.30282357572179,0.0915461005364186,BBB+,1
2017-02-28,PSX,0.0440972533995789,2.4367541766109784,1.007080207122477,4.711217183770883,0.6499034791831307,0.0219329177127704,0.5406849553752928,4.587330316742081,20.235400633770936,0.2864842016273909,BBB+,1
2017-02-28,ASH,0.0324630579588086,0.1964285714285714,1.4777876895628903,-1.613095238095238,0.4770801567298907,-0.171484375,0.6986752391569232,11.273584905660377,2.461313868613139,0.7784121320249777,BB,0
2017-02-28,WRK,0.0926155623797681,4.321512081060016,0.995473991616108,1.7922837100545594,0.9976312803615996,0.0143694206289183,0.5707996165881629,2.659828734964003,5.980268294414082,0.1624944771921506,BBB,1
2017-02-28,ENS,0.1513946048642834,11.805293555490922,2.1663651849673458,6.6385922632650525,0.3242455591776013,0.0577016457878189,0.5297437488171773,1.8505219021747152,4.641333818719509,0.9534410529294588,BB+,0
2017-02-28,HAL,0.0685934127803321,1.1774744027303754,2.337061894108874,-8.831058020477816,0.2008670008116658,-0.3626235286712406,0.650074074074074,5.643866849065208,5.73998294970162,1.010439970171514,BBB+,1
2017-02-28,NNBR,0.0960088775530953,1.0528764102641557,1.195417556414844,1.1199498572744708,0.7990044952406932,0.0095286314859961,0.7683017908152538,6.112534039334342,5.292342566908265,0.1039201823743291,B+,0
2017-02-28,DOV,0.1215324453982476,5.7020256449732765,0.8857847012706164,4.730852413105476,0.3872431556771445,0.0748993795131302,0.6243822280980676,3.19263399856478,4.689592693120877,0.1799426691913387,A-,1
2017-02-28,SCCO,0.1717703997676895,4.36053288925895,1.5572572572572572,3.1551484873716347,0.2428105414340115,0.1443362206773486,0.5563875686662687,2.6842484897664773,3.2491968301563503,0.6015015015015015,BBB,1
2017-02-28,ENTG,0.1570544743187732,4.444634424360854,2.357302606175761,3.6365684199098953,0.3554744017697464,0.0826593038195478,0.4709025778861475,2.217600406595032,3.3904711175901654,1.5536470021523792,BB,0
2017-02-28,CYH,0.0893351091076734,1.0964467005076142,1.4499480429511604,-0.7319796954314721,3.1826700380347925,-0.0925263043714068,0.8960080204156033,6.992660550458716,30.30377358490566,0.0824385174922064,B,0
2017-02-28,CAH,0.0916452347711073,13.886363636363637,0.5658606009912486,8.676136363636363,0.2780254782671401,0.0106180640699173,0.8064155111770007,1.770285439384221,10.85763239173073,0.1157538607508021,A-,1
2017-02-28,GWR,0.0786062247610314,4.869156992776531,0.9219532049007536,2.898508225609018,0.940856600644432,0.0705146620555206,0.5825620782720744,4.160074828180814,32.08466519779446,0.067456325269771,BB,0
2017-02-28,MRO,0.0375995583944483,-3.593830334190232,1.5348214285714286,-4.5012853470437015,1.3626780760859851,-0.5308856363185314,0.4358718723869557,6.103187919463087,8.251851851851852,1.1116071428571428,BBB-,0
2017-02-28,UHS,0.170110889105131,10.07253833022601,1.1811430779285743,6.525601994981081,0.449568487741728,0.0719297383261599,0.5534986036754728,2.437288563062641,66.84444205101863,0.0256168905845193,BB+,0
2017-02-28,INTC,0.2129191467337055,17.56566820276498,1.4754703970052212,12.88479262672811,0.3961130142675529,0.173708050583461,0.4078374968012918,1.0964101228458567,2.856902985074627,0.8422322923849866,A+,1
2017-02-28,KEYS,0.1507317740391191,9.0,2.142857142857143,8.127659574468085,0.2715239978433032,0.114804660726525,0.6021561924796214,1.998185117967332,2.4266389177939645,1.2173913043478262,BBB-,0
2017-02-28,CENX,0.0203316635259711,-2.309416636658264,1.155721143112302,-10.361856319769537,1.1589629639785612,-0.1913548238412122,0.5087698910685848,7.633207862818906,5.351363777971145,0.7448816700156285,B,0
2017-02-28,MTSC,0.1423574329721126,4.845214390017256,1.5453715273870787,2.156577724678083,0.5089110001747627,0.024579468914201,0.5835432529342687,2.4251581743299973,3.709709223019057,0.5451820179204888,BB-,0
2017-02-28,KTOS,0.0174955451158269,-0.1902017291066282,1.6167938931297712,-0.7406340057636885,0.5367320637923509,-0.0903245102437565,0.7086232342399326,26.666666666666668,9.117117117117116,0.3541984732824427,B-,0
2017-02-28,JBL,0.1233411085849013,3.812791081447797,0.6076675520247208,2.5419487329935087,0.626652422594272,0.0115198311978729,0.7579115669697073,1.7544496421237077,6.739561497813459,0.1545894479749637,BBB-,0
2017-02-28,QEP,-0.0909201130758284,-11.18296089385475,1.2231934731934735,-7.694134078212291,0.9813114198115817,-0.904073778229613,0.516562232588953,-2.854014598540146,159.65400843881855,0.8620823620823622,BB+,0
2017-02-28,PLOW,0.1566975425555588,4.969134583744653,2.0888659713574094,3.567226061204344,0.3707803156476895,0.0937112629363775,0.6718807439808662,3.398382620761425,4.385508805797744,0.3620991594022416,BB-,0
2017-02-28,LVS,0.1833250390814007,8.607142857142858,1.0876692801140413,6.422077922077922,0.1501850523834252,0.1463628396143734,0.6337876789291124,2.525,131.80088740361057,0.7619387027797576,BBB-,0
2017-02-28,BSX,0.1261972453007259,6.334763948497854,0.6367437970448843,2.4892703862660945,0.2291400488857787,0.0413784879561173,0.6279288240495137,2.398950131233596,2.1877219685438862,0.1223863953164204,BBB-,0
2017-02-28,WMB,0.0740076156695008,1.4658997534921938,0.4489657511020685,0.6516023007395234,0.3802611860415329,-0.0565408721162821,0.7000960819899648,6.62588102621934,24.943396226415093,0.0576466598847066,BB,0
2017-02-28,MPC,0.1024586418060506,3.966453674121406,0.6640078365519172,2.8753993610223643,0.6551864223165117,0.0210269912059176,0.5225947357755613,2.35771632471008,9.14327727230953,0.1248250769661349,BBB,1
2017-02-28,USCR,0.1785436137071651,3.2823631311126347,1.1085309215350772,1.345663863726587,0.1911169082802251,0.0081992192850294,0.8002659186250928,3.081541532067241,23.43785020011435,0.2806382080398214,BB-,0
2017-02-28,AXE,0.0919180144737481,3.967046894803549,1.194873012105388,2.5348542458808616,0.4768001947050973,0.0158865508736947,0.6843365253077975,3.642800528401585,5.090685755432252,0.0910673312762085,BB,0
2017-02-28,RRC,-0.0037715850314889,-3.498338416174731,0.3759793240760375,-2.0995701877976143,0.7479757245020902,-0.4744018204929198,0.5206301582708052,-110.05357559496034,41.55454965357968,0.000446877761854,BB+,0
2017-02-28,AMAT,0.1704575862991705,13.929032258064517,1.735407488986784,12.103225806451611,0.2302521608868632,0.1589838337182448,0.505278310940499,1.3120094191522762,3.064125676023693,1.0322136563876652,A-,1
2017-02-28,ATVI,0.1604134177292603,6.723502304147465,1.8000753012048192,5.451612903225806,0.3403847728417552,0.1461864406779661,0.4774810909924364,1.8631338162409452,13.898305084745765,1.226656626506024,BBB-,0
2017-02-28,RAD,0.0727022865569063,1.5724197433224285,0.6583580630584022,1.378469600923496,0.0771397910687597,0.003745944242752,0.94682031634878,8.544221702357387,6.88474629858988,0.0516879628249175,B,0
2017-02-28,ROP,0.1060912514332495,9.51033085631818,1.103286440199492,6.9040059520074575,0.3742897237541593,0.1737883995065865,0.5958886910907121,4.779279313948996,6.556484320370071,0.5239152214946391,BBB,1
2017-02-28,FET,-0.0352103630139894,-4.643305363006202,2.833614156297367,-1.9908062750820867,0.6003305802430474,-0.1395049648165953,0.3266312189678247,-6.0578969059575964,1.087213870944698,1.6526631181923932,B,0
2017-02-28,FUL,0.1353793897631171,7.181847580036649,1.4389757148252875,5.460062520211276,0.4092362495837923,0.0592608152849821,0.5420652650255995,2.542340089781742,5.657057932700548,0.3630143628586887,BBB,1
2017-02-28,CLX,0.2859599839477154,12.436781609195402,0.6412976629766297,8.505747126436782,0.0225561902879058,0.1111489361702128,0.9374859834043509,1.906575781876504,6.566078116639915,0.2516912669126691,A-,1
2017-02-28,SAIC,0.1609601129544652,5.795918367346939,1.2742342342342343,3.857142857142857,0.1210406195168929,0.0311457174638487,0.8263238952730719,3.0826023391812867,58.69117647058823,0.2428828828828829,BB,0
2017-02-28,KRO,0.0926392271807785,3.3504672897196266,1.6853377265238878,3.023364485981308,0.293023934744184,0.0317378875613867,0.6651407256697186,3.021390374331551,2.919939783768988,0.2872048325096101,B-,0
2017-02-28,K,0.1486041611798788,6.770428015564202,0.3804202056325436,3.700389105058366,0.0940979305156527,0.0534545174458907,0.8725431804645623,3.442622950819672,6.057073954983923,0.0625838176128743,BBB,1
2017-02-28,EIX,0.0806659516476596,3.463576158940397,0.3186738836265223,3.354304635761589,0.866462758017537,0.1198079029404331,0.7234552504920205,3.0424493778970483,30.711462450592887,0.0162381596752368,BBB+,1
2017-02-28,ILMN,0.1811607852921064,17.50583165064344,2.8636600370388767,14.94319038003677,0.1173800166195772,0.1929011875967583,0.4593806942951922,1.7620272771607812,2.070279728240975,2.2120071239525165,BBB,1
2017-02-28,UNP,0.1687847858010479,10.41833810888252,0.7909340659340659,7.064469914040115,0.424758008808,0.2122762148337596,0.642270002512653,1.6119226638023632,14.63317274604267,0.3673076923076923,A,1
2017-02-28,ITW,0.2285160038797284,12.928270042194091,1.828623188405797,9.58649789029536,0.1032923275975019,0.1496433561291271,0.7198210644036577,2.215336728919072,7.076780758556891,0.8956521739130435,A+,1
2017-02-28,DVA,0.1370279662955886,4.287398332132194,1.4149630346623052,3.058801231713823,0.4369107078584754,0.059672277681305,0.6892951737442157,3.569885362415702,60.7633185230843,0.4537029310814795,BB,0
2017-02-28,CVGI,0.1062044453482837,1.527383787141526,2.2388969930826783,1.3512268350760948,0.4098757871626778,0.0102475109951186,0.8421279721992233,5.073307657157778,7.583960412236218,1.224977648110677,B,0
2017-02-28,OA,0.1171604176778174,6.941176470588236,1.5052160953800298,5.3088235294117645,0.3580964134778361,0.0657687991021324,0.6646363971945367,2.27892234548336,15.51866364198804,0.1490312965722802,BB+,0
2017-02-28,GRA,0.1206472570509123,3.596618357487923,0.8876871880199666,2.2922705314009666,0.0804255757867385,0.0669335668710121,0.872106600728072,3.986160040261701,3.1689532042849087,0.2092346089850249,BB+,0
2017-02-28,TWX,0.1292156470026345,5.560518731988473,1.1772647634752138,3.820605187319885,0.3624876478036574,0.1335357118493758,0.6306278992208108,2.901991176821271,8.332896461336828,0.1586107389467175,BBB,1
2017-02-28,MGM,0.0800140794421208,1.5789113216509498,0.9295519662547784,2.3518719675573903,0.5299305638017922,0.1164883841278427,0.644221633808548,6.087131276291426,54.43056855491673,0.6307524872232355,BB-,0
2017-02-28,WAB,0.1158659143135561,18.172191894725422,1.5270713702589245,12.022269621488736,0.3094673330906814,0.1040148226589356,0.5476649661192236,3.306413069301396,3.447154299946178,0.7902676479757562,BBB,1
2017-02-28,MUSA,0.201321717009465,7.488948827451862,0.7039081934079602,6.531630079168853,0.3971589987970346,0.0229928657256379,0.6662696170897288,1.6750215557638235,55.72686147767067,0.2989214085820895,BB+,0
2017-02-28,BEAV,0.1812931961296268,5.560922063666301,0.7113522342783803,4.414928649835346,0.056193155172823,0.106072487981179,0.93575858283137,3.451372416130125,1.4598434575463672,0.2356784505891961,BB+,0
2017-02-28,BHE,0.0732476893015522,9.47732158211522,2.7894786617230185,7.883813413585554,0.9075480288322536,0.0277209938474256,0.316812497123084,1.5687991021324357,5.179264357384159,1.6524354904808904,BB,0
2017-02-28,KLAC,0.2579610532679603,9.627480916030535,3.108818736018327,8.013724216339126,0.0782630559318106,0.2649975668592111,0.8531747880321983,2.4393633933087653,1.6420677014859577,2.3591555453909487,BBB,1
2017-02-28,EL,0.2443389853126381,22.16457286432161,1.0321795477116946,14.581658291457288,0.1354368783689868,0.0950066788526434,0.6141747582876507,1.2174358274167123,1.449748391106478,0.4331743214861366,A+,1
2017-02-28,HON,0.1616245578086641,20.363888888888887,1.1445716735043785,14.358333333333333,0.2252699949670224,0.1223601852323037,0.6389391644812175,1.886736036359287,5.826997496016389,0.4802522809380932,A,1
2017-02-28,LH,0.1335712554489668,6.607494145199063,1.2439811775005472,4.42903981264637,0.507158868215147,0.0759298056379514,0.6124798203130484,3.0765791826644926,31.04593639575972,0.2372510396147954,BBB,1
2017-02-28,AME,0.1463354992777441,8.90217011776407,1.553464201609405,6.419030589031965,0.3478966478412809,0.1333714574695834,0.5413797338111846,2.324897807617192,4.712207479968804,0.7758840207217118,BBB+,1
2017-02-28,ROCK,0.1381734795635218,6.849881073734285,1.9829638104255436,3.291471287801563,0.3795898964878298,0.0334520194329059,0.4980860227934811,1.67830437915299,7.414470941170488,1.1189377202672135,BB,0
2017-02-28,HII,0.1653199741435036,11.013157894736842,1.4385703648548027,8.539473684210526,0.1942517008481502,0.08106960950764,0.7397670025188917,1.249266862170088,21.90707070707071,0.5361131794489948,BB+,0
2017-02-28,PKG,0.2110725392348304,8.584305408271474,1.5553245922609529,5.767762460233298,0.2621025603852452,0.0777989271500259,0.6953782239916911,2.2849066301182117,5.913310482719223,0.3826351135273425,BBB,1
2017-02-28,CAG,0.0830128338173161,3.4555817610062887,0.8303017865243784,1.6521226415094337,0.2784769521772927,0.0201425397326469,0.6881568568826505,4.229454735194365,3.583349542890488,0.3860577650083169,BBB,1
2017-02-28,HI,0.140049648324369,8.290196078431373,1.0505790297339592,5.490196078431373,0.2756156118048463,0.0742157116930256,0.6697385864878432,2.412666174298375,5.922201138519924,0.1195618153364632,BBB-,0
2017-02-28,POST,0.0944061418521657,3.623169955442393,2.4217837814803773,1.4646721833227243,0.733542634272957,0.0145192728429929,0.6752102857944459,5.189179915360859,6.56947337102053,1.6817658840073295,B,0
2017-02-28,CIEN,0.1068268485500564,2.9461133860491384,1.9730429147110204,2.2811352725218867,0.2829179730479505,0.0279107719721769,0.734134806528631,4.327330462249045,5.6325514155337535,1.1805223229602788,BB-,0
2017-02-28,ES,0.0813566456356362,4.450054764778597,0.5905974954687304,3.288468310500509,0.9324249297883888,0.123352020891387,0.6609601801356765,4.219966834456841,15.307657731469025,0.0083139005195672,A,1
2017-02-28,OC,0.1445671582567291,6.944444444444445,0.909657320872274,4.638888888888889,0.6685812585229052,0.0692267042451999,0.49735176333807,1.9231473010064044,5.796159527326441,0.122533748701973,BBB,1
2017-02-28,PF,0.1084317461452775,3.96082744891556,1.2332148554476507,2.522738255808082,0.4628949595820762,0.0674939848551985,0.7108242348076197,4.835277357450532,4.962464883006204,0.6175939660239008,BB-,0
2017-02-28,SON,0.161669355667144,7.609299895506791,1.2159662902309447,5.988401253918496,0.3045661983669312,0.0598873857722036,0.603715382558588,1.6395107988064312,9.6011694626248,0.3204845156338773,BBB+,1
2017-02-28,WDC,0.1392208918025681,2.311306901615272,1.8324970400856968,0.3788546255506608,0.5484016024854876,-0.0265720208555813,0.6005350019849897,3.533857409713574,5.148079470198676,1.34391385239894,BB+,0
2017-02-28,AWR,0.1089470975239199,5.192413886751459,0.681877444589309,3.704159688589146,0.4323412029119923,0.1369978926223437,0.6638562713321315,2.6783988643319483,4.848886589752535,0.002450209054534,A+,1
2017-02-28,GPS,0.2617042885692756,18.56,0.8086408307064713,9.933333333333334,0.2476288583001542,0.0433040330920372,0.6630647051165213,0.871557336004006,4.534963325183374,0.5457073984795104,BB+,0
2017-02-28,AEE,0.0920995469496679,3.615183246073298,0.3986537023186238,2.7094240837696337,0.8974764740473564,0.1074720210664911,0.7066682861654318,3.5193171608265947,7.230046948356808,0.0033657442034405,BBB+,1
2017-02-28,NUAN,0.0747986181052403,1.2692709035798202,1.0726473352320602,0.827348036884286,0.4711437675289156,-0.0124699684072258,0.6704002354250518,6.1410169483257775,61.32571723071637,0.6744520225831376,BB-,0
2017-02-28,GM,0.1060185963816343,4.238652482269504,0.7327338256183891,4.34290780141844,0.8388059701492536,0.0566594542613294,0.8011863412873833,3.8357430993065313,9.647720673635307,0.3100926262899003,BBB,1
2017-02-28,EA,0.1803309027649258,23.177777777777777,1.9373826615129763,29.88888888888889,0.1468610366213773,0.2810203199308258,0.4951885657680606,0.8737684729064039,32.02777777777778,1.628492545554942,BBB-,0
2017-02-28,UNVR,0.0868727447897257,1.5594541910331383,1.061216871967152,0.5555555555555556,0.210043486696484,-0.0084719521409019,0.849737471938255,6.23414940364093,8.136666666666667,0.2511384845091452,B+,0
2017-02-28,TPB,0.1775096488927193,1.7312272266255966,0.4010633435176941,2.010968784042673,0.1510838440364734,0.1449366679591573,0.880506631113606,4.606624166174111,1.5779918140512936,0.0689248682849375,B,0
2017-02-28,RTN,0.1212478721790572,12.949579831932772,0.8126653181888907,10.285714285714286,0.2422698760871238,0.0918193526943371,0.6501064820976973,1.4831804281345566,3.411559348332041,0.529484985218609,A,1
2017-02-28,ARW,0.0801619021623681,5.502765725080433,1.1153877087649355,4.085982467014965,0.7369567449429625,0.0219409978341895,0.6856606397441822,2.556647082108535,7.771716425832866,0.0798777496097453,BBB-,0
2017-02-28,MRK,0.1552983424293453,14.567099567099566,1.4966286910020925,6.656565656565657,0.2791102195372488,0.0984751425628658,0.577382387787412,1.62270559801424,1.7037424210746392,0.833585212741223,AA,1
2017-02-28,ENR,0.1986462895470276,5.368224299065421,1.612266459074733,3.949532710280374,0.0062730370714263,0.0935388263189093,1.0038966552445645,3.1218778908418137,3.672813433604616,0.9610765124555158,BB,0
2017-02-28,TUP,0.244256120527307,6.795081967213116,0.5567932797662527,5.581967213114754,0.0864679348300182,0.1010347476390583,0.8659780828819751,1.8296067848882036,2.6391919191919198,0.1701972242512783,BBB-,0
2017-02-28,HXL,0.1976460331299041,15.004166666666668,1.162191982346451,11.408333333333331,0.2908574413563337,0.1246320411116101,0.481421311338832,1.5189677988531098,4.501504513540622,0.1294593600588452,BBB-,0
2017-02-28,ATI,0.0122142157356455,-0.6548808608762491,1.0293495131931705,-3.926210607225211,0.7900066578289426,-0.2044598991896893,0.7205415860735009,28.14092953523238,2.443212336480984,0.3239734725553831,B,0
2017-02-28,HA,0.2348392037193644,13.782475691030262,0.9370654221819602,7.430459958483556,0.2794002879379603,0.0960719503138032,0.7487806435868553,0.9087284489793256,80.1795228577934,0.7409398204588274,BB-,0
2017-02-28,CVA,0.0791291115533185,0.7515151515151515,1.251196172248804,0.9757575757575756,0.5355029585798816,-0.0023543260741612,0.8905228758169934,7.795857988165681,66.52631578947368,0.3349282296650718,BB-,0
2017-02-28,EEFT,0.1346636263231345,8.81593251447127,1.2779857518446274,7.156113228857828,0.2490896795992702,0.0890501706563056,0.6680429448938248,1.8288899249777475,19.47724383083815,0.6887354762106692,BBB-,0
2017-02-28,FMSA,0.0028298486431462,-1.0283158793653648,4.061128716876812,-1.100349079359372,0.0979055222862118,-0.26203475429569,0.7912395773582395,231.66062104973892,7.463359968816994,2.617072348459308,B-,0
2017-02-28,FBHS,0.1556095172427577,13.721757322175732,1.0845989558614144,9.627615062761508,0.3078740581529006,0.0827298441292704,0.5392414936141172,1.8380426406370407,5.663752645624367,0.2984100616990983,BBB+,1
2017-02-28,KOP,0.166297618509648,2.8114754098360657,0.7144319344933471,1.588114754098361,0.0440682301082073,0.0202654992232735,0.9681839080459772,3.6,4.861349154032081,0.0709655407710679,B+,0
2017-02-28,DD,0.1291753975101689,10.762162162162165,1.2862762729009778,7.781081081081081,0.1603456147823419,0.1013164270715555,0.7448703833450105,1.6290076335877863,2.361804791331584,0.670675508598404,BBB,1
2017-02-28,MGLN,0.1178147146294707,15.676248405768666,1.15319760259871,8.640439517315805,0.6214315593003549,0.0161010683737712,0.548023539839595,2.3261847619190923,83.30387082665112,0.5863439630324381,BBB-,0
2017-02-28,PGTI,0.1895071046311433,2.898651328837763,4.028680436784634,2.1774593415311383,0.2924883299482902,0.0517871551630138,0.6965084003590993,3.343625645798767,11.262153685311027,1.7195105907117485,B+,0
2017-02-28,ACCO,0.1182209611986361,3.921775898520085,1.1336122047244095,3.019027484143764,0.6074480128287,0.061331963265044,0.6567207556309034,2.931368421052632,4.891682785299807,0.1055610236220473,BB-,0
2017-02-28,FMC,0.1070018932708661,6.190582959641256,1.491934362397441,3.721973094170404,0.2810418834003764,0.0739702656592737,0.6753701562067337,2.838506522717049,2.6174103877103145,0.0446391322486441,BBB,1
2017-02-28,TPC,0.0666197173861204,3.3776052992539563,1.3206091341149733,2.602857047271754,1.2221643244686873,0.0192681551619158,0.6154570125438888,2.821613127324197,5.1221927909080085,0.1294367201402554,BB-,0
2017-02-28,PNW,0.0864778876578824,4.160917752284659,0.417366231845723,3.1487167023138247,0.9161324278031112,0.1263430057375892,0.6915874799029983,3.222494490663005,7.668622159646447,0.0068688096795999,A-,1
2017-02-28,FLS,0.1077809504000551,6.901408450704225,1.1880124368019358,3.2025541679831053,0.2623661974084502,0.0331926905162202,0.6522797251091174,2.9700802738197667,2.724082070296922,0.3115666670626711,BBB,1
2017-02-28,UVV,0.1071538495756343,12.386235955056184,3.1823854159831475,8.413226673180265,0.8485330391109394,0.0545572289373206,0.3479197262565981,1.8195203311011128,2.1305632241571466,1.3142528913495055,BBB-,0
2017-02-28,AGR,0.0647199123315928,4.145833333333333,0.6910029498525073,3.1875,1.5933831672049543,0.1046859421734796,0.5170078891053691,2.5,10.242656449553,0.0346607669616519,BBB+,1
2017-02-28,NSC,0.1185793614067561,5.219015280135824,0.8696023941855494,3.831918505942275,0.686591526643113,0.1686893203883495,0.6443597386220337,2.5590243902439025,21.924242424242426,0.4087216759298846,BBB+,1
2017-02-28,SPLS,0.1224642423109283,10.634146341463415,0.9506200846944948,3.951219512195122,0.9653043805998872,0.0127670799261408,0.5197935829132523,1.299618320610687,6.495958155016643,0.2738959467634604,BBB-,0
2017-02-28,GCO,0.1368937886609954,25.611568735127214,0.5757722065721061,18.573494416987007,0.8072513810733508,0.032907541202981,0.4170566263366129,0.6786394786378679,2.2993253197215267,0.1753296833414039,BB,0
2017-02-28,HL,0.1057671082518686,3.2278397726076427,1.9874568559774084,2.830376881777029,0.7693477598274957,0.1076650612966498,0.3760347635871157,2.1115072079563326,7.113294616229791,1.5601976780671478,B-,0
2017-02-28,PERY,0.0883146800028464,5.158351120597652,1.784345968831807,-0.6241995731056567,1.180849419466323,-0.0139738702972331,0.4879662826903616,2.5210808379867333,3.772383266764191,0.3855150123330781,B,0
2017-02-28,CWEI,0.0412144799183195,-1.0238717175055707,5.6703913230803815,-2.1148486560830766,0.1127712170336172,-1.7597443666086412,0.8925954695414746,14.758811454020387,2.95702005730659,5.367111252645973,CCC+,0
2017-02-28,ORCL,0.1380724293835892,8.269981120201384,4.288192723307227,6.5506607929515415,0.2938879707206029,0.2368675475346439,0.5886953353869501,3.1180132278563093,24.856316297010608,3.858002048841744,AA-,1
2017-02-28,TTMI,0.141721165336912,2.387730470956808,1.0791855630455762,1.447601561296287,0.6101268178307372,0.013760781634186,0.6683600818535117,2.782617950208352,7.260315720033078,0.3719199204719438,BB-,0
2017-02-28,FOSL,0.1054542396596807,5.388711236707072,1.94122556291231,3.932550011154905,0.8508909458604611,0.0259232026600306,0.5356717760370059,2.6567285692813845,2.34553287247898,0.7171750063316328,BB,0
2017-02-28,OI,0.1112308687217073,2.349809885931559,0.6169902912621359,1.8212927756653992,0.1252518934105821,0.0321667907669396,0.9602627257799672,5.162790697674419,5.14070351758794,0.2388349514563107,BB,0
2017-02-28,SYY,0.1954457907977319,8.838060555779363,1.1473779253590912,5.115722884117569,0.0886278334717167,0.0194409009287783,0.7983508919684394,2.341548499612335,14.854830209519717,0.3236071820187579,BBB+,1
2017-02-28,PEG,0.0816184524193028,5.875324675324675,0.7225274725274725,3.303896103896104,0.9835005868737768,0.0978920648934996,0.6723234339905166,3.720555730975687,6.327428878153516,0.1291208791208791,BBB+,1
2017-02-28,TFX,0.1268561619073201,6.823920205311152,2.02789690538436,5.317122003603867,0.3391679188729831,0.126971933489184,0.4506810601218694,2.0967596622695144,2.502643685628808,1.2715867797196747,BB+,0
2017-02-28,XOG,-0.0395210046988899,-5.764434602785352,2.3622294179138725,-7.345094522628698,0.5000906906761448,-1.6397664057190324,0.3646842690399515,-6.16286074209803,20.434010375450622,2.144390577933833,B,0
2017-02-28,FRTA,0.1343406445291228,0.9705464083683596,1.022543541760093,0.8831758472121269,0.1686176792466446,-0.0081307250495248,0.927160225911422,5.924265767415803,4.139121883142188,0.1616994113630763,B,0
2017-02-28,TXN,0.3514283089923762,59.8,2.5030918727915195,45.9375,0.1445575198394725,0.268885564697083,0.3626072667518714,0.628855201254574,2.5820166618787703,1.5415194346289751,A+,1
2017-02-28,HRC,0.122846512393391,3.5961098398169336,1.3594176123867334,2.637299771167048,0.4013126588102153,0.0543816979554609,0.715354230452626,4.114114832535885,4.580267724343084,0.3611770915808921,BB+,0
2017-02-28,MAT,0.1255273164422933,5.896181584978658,1.5451034257389045,4.343447086776425,0.2613691970419119,0.0582815463700255,0.6292179887443304,2.841122556772039,4.439223886411519,0.5775415738725388,BBB,1
2017-02-28,RL,0.1628198391204171,38.44444444444444,1.5510078157136982,9.11111111111111,0.4881265637829486,0.0209830411037654,0.4041208340174027,0.9468718967229396,2.6136162687886824,0.9366515837104072,A,1
2017-02-28,LUV,0.2253015830306292,31.172131147540984,0.6079777907656342,19.39344262295082,0.3853602349302634,0.1098653610771114,0.6375075152452118,0.6741640127388535,39.907407407407405,0.4829047340736412,BBB,1
2017-02-28,HPE,0.0934084710063436,11.408536585365852,1.204695752518752,10.63719512195122,0.8437208210100177,0.0630648604433094,0.6044378066993813,2.1471331648263936,16.358006042296072,0.5764058408415073,BBB,1
2017-02-28,DGX,0.146745090220317,8.23611111111111,1.4770642201834865,5.479166666666667,0.3827549780386488,0.0858283433133732,0.530990099009901,2.536684782608696,53.0,0.3659531090723751,BBB+,1
2017-02-28,BRCD,0.109221118448686,7.419405193910029,2.308573213637908,5.3346443124455165,0.5971341558145621,0.0911553924139136,0.4846817013849316,3.2200235369462757,12.579983436325412,1.809647132664989,BB+,0
2017-02-28,TGT,0.1865363107430539,8.42671009771987,0.3453381932651286,6.322475570032573,0.3094612688147789,0.0464000227172693,0.6914796137407808,1.769031258420911,5.522211032785051,0.2235223460216212,A,1
2017-02-28,CLH,0.119902470679067,1.4394437083143117,1.8119694531850643,0.5560244518923493,0.3400330994431879,-0.014471771099721,0.7055229336867721,3.829890210901996,11.78754623432302,0.6083147732766888,BB+,0
2017-02-28,FLO,0.15825835122726,9.268686562642024,0.8996753017990512,5.962157248901681,0.3257728169239124,0.0417063397578487,0.5617348069660001,2.189125792892283,11.96004792596265,0.0277402649255484,BBB,1
2017-02-28,POR,0.0886899918633035,2.707317073170732,0.6603119584055459,2.569105691056911,0.7817702470340271,0.1003640145605824,0.6885877507639165,3.5932721712538225,15.38181818181818,0.0103986135181975,BBB,1
2017-02-28,UFS,0.1121396455964031,4.056338028169014,1.0743691899070384,2.8028169014084505,1.3541567435693838,0.0251078854452726,0.5288732394366197,2.0330188679245285,5.2918032786885245,0.1660026560424967,BBB-,0
2017-02-28,COL,0.163453313153912,15.727272727272728,0.6268354430379747,12.196969696969695,0.181488382765428,0.1398826424380087,0.7259401932619483,1.892109500805153,1.6221968833143292,0.1270886075949367,A-,1
2017-02-28,GMS,0.1257234101101131,2.661072136873575,1.6937499916758896,1.980226741260397,0.6169707941816434,0.0158497302937333,0.6937517438259556,3.946966976595062,7.985453225083543,0.0701489416393302,B+,0
2017-02-28,CNP,0.0966105229015592,2.194508009153318,0.8477272727272728,1.988558352402746,0.8219917134942804,0.0573857598299681,0.8414952586009437,4.120863309352518,16.51896813353566,0.4201298701298701,A-,1
2017-02-28,ABT,0.105949123124594,17.004694835680752,3.654954954954955,5.990610328638498,0.3693287887230853,0.0509758787704407,0.6066342611931796,4.423316582914573,3.222729982118021,2.819069069069069,BBB,1
2017-02-28,COTY,0.1236929666333695,2.987755102040816,0.8224515169472816,0.9358600583090378,0.8338103917581852,-0.0020358306188925,0.7409852000138858,5.564547989774576,2.748451231810978,0.2447333867837929,BB+,0
2017-02-28,VZ,0.1717605662616096,5.128346456692913,0.8303559657218194,3.584055118110236,0.3147232778080949,0.1041990792189236,0.9015808010484068,2.574511672224869,41.91035044824776,0.094924192485168,BBB+,1
2017-02-28,EGN,0.0664838131570119,-4.0386731347733,1.4538237276909791,-3.539770725493916,0.6464089819113317,-0.2695882941776667,0.3186195187019236,1.8044010339975785,24.78753385406445,1.141597970455701,BB,0
2017-02-28,DLX,0.2342424678683658,17.050847457627118,0.8451588225671424,11.285265895435389,0.2779161832829588,0.1240531685795284,0.5966878752281011,1.6078126357684948,11.937366355955074,0.1842120456885519,BB,0
2017-02-28,BR,0.2251651915474266,13.524725274725274,2.005872450377794,9.173076923076923,0.1350830583437332,0.0862019007881316,0.6477539908427175,1.7324838120537935,291.2682926829268,0.6050972869279254,BBB+,1
2017-02-28,MSEX,0.0886857894085981,7.6765539391649344,0.4807463447806868,5.296618174948044,0.4162370848204354,0.1711134185063127,0.6438457110331027,2.857995807441791,23.74604123095309,0.0824336960217613,A,1
2017-02-28,CTLT,0.121376532029467,2.628959276018099,1.6165836621175858,2.028280542986425,0.1893379650748658,0.0479405094668002,0.8036150974966213,5.147885438972163,6.972230516572112,0.4276566845611539,BB-,0
2017-02-28,SGRY,0.1093212005869923,2.004474450885444,1.7843245414379436,1.093993298266896,0.0125912326012605,0.0082527382538382,0.7808224705179009,5.980861978162335,30.34612271924661,0.4314901593252108,B,0
2017-02-28,AWK,0.0967529355379822,3.459214501510574,0.3114548494983277,2.413897280966768,0.6081275583162824,0.1417322834645669,0.6977525486561631,4.447058823529412,43.81818181818182,0.0397157190635451,A,1
2017-02-28,XOM,0.0696896287057469,0.8062015503875969,0.5528359712834292,7.752799310938846,0.5378387219948114,0.0396925849795968,0.47374316559395,1.8397005678884877,10.343687150837988,0.0767664469541122,AA+,1
2017-02-28,ZBH,0.1090607544166563,5.3277451802179385,1.1355028343481,1.8547080189997205,0.6134600075741767,0.0398105128905894,0.6376197328776363,3.824385929101177,0.6863652545389819,0.2662607600251942,BBB,1
2017-02-28,HRL,0.226727508089994,99.93015305726053,0.9914859152522418,70.15173646181337,0.2186113929213058,0.0934612059949445,0.3011995007273864,0.176283644614993,7.310026337225637,0.3941744936365121,A,1
2017-02-28,PRMW,0.0697543933476235,1.8436002737850783,0.9969598394795244,-1.0184804928131417,0.2166893510740405,-0.0413775685592215,0.8355276773509459,17.121033117576825,15.09703179147205,0.4738394187213085,B,0
2017-02-28,AMGN,0.1608557526038525,7.853174603174603,3.861567297393788,7.128571428571429,0.2993637988848223,0.3358705580444521,0.6151418339216242,2.883,0.7938223938223938,3.3992324169939305,A,1
2017-02-28,COMM,0.1497040175239817,2.6567554375559284,1.7725170140985615,1.8240014199398005,0.2209490004377362,0.0452589669269832,0.8048044339487644,4.161738183271162,6.14050325544596,0.4992061253086319,BB-,0
2017-02-28,ACHC,0.112625915499847,2.454940024817317,1.2345792075598268,1.0338783951468358,0.7828344926110682,0.0021854101548464,0.6372485653289461,5.666242707821696,411.8773888769594,0.1664299359806338,B+,0
2017-02-28,BMCH,0.1317694338045674,3.7797617072118417,1.216243081515924,2.0248581195446547,0.5232775919732441,0.009981436725675,0.5121188747926545,2.06259037728408,8.278969524203868,0.0294473138448938,B+,0
2017-02-28,SJI,0.077561195246404,4.97453283923362,0.4332275903189506,4.129149254908145,0.6097925652325772,0.1148683068017366,0.654411782444867,4.777194142992509,12.623489479521972,0.0191912024051462,BBB+,1
2017-02-28,NOV,0.013454507468923,-3.628571428571429,1.2753528060387267,-21.97142857142857,1.0583959392448792,-0.332643773272652,0.3376064333017975,9.98136645962733,1.147207098205283,0.4620938628158845,BBB+,1
2017-02-28,DISH,0.1243760195095361,2.4641199034460315,1.7266441916216595,2.615755548175572,0.2683535452295536,0.0960513461735425,0.823239568405737,5.197973033714954,22.61590597348108,1.1836039651191426,B+,0
2017-02-28,KAMN,0.1046671114224944,6.792785927478249,0.8611219432246542,4.737473804534197,0.4317433658723719,0.0325452228961233,0.6020545668961204,2.8190662775045645,3.120176612221494,0.1164358013597599,BB+,0
2017-02-28,GLDD,0.0834864720788006,0.4175573856667251,0.973547827440862,0.7134396355353075,1.2355042407370085,-0.010652891862139,0.7225902765032655,5.260708852651525,4.969800286393884,0.0745632082920915,B-,0
2017-02-28,APA,0.1186625081598607,-1.2542372881355932,1.5002712967986978,-1.9067796610169487,0.3300245507040452,-0.2556362958822433,0.6589990674541498,3.4816625916870416,4.401529636711281,0.7471513836136734,BBB,1
2017-02-28,TAST,0.1816742986513133,1.967785967785968,0.3179680696661829,3.482773682773683,0.2876252034708962,0.048190779189536,0.684475319031735,2.6358912821743568,102.32256331027072,0.0290566037735849,B,0
2017-02-28,QRVO,0.1209516370769125,2.014326250951623,2.284004894286052,-0.3380579970932246,0.7509448082574381,-0.0322479167855097,0.2546233330591536,1.208644561850975,3.373000810400018,1.0654944939281903,BB+,0
2017-02-28,SRE,0.0659575425024737,2.408618127786033,0.4811877847140206,3.037147102526003,0.6642993311622699,0.1346361583030541,0.6810572134097853,5.837367882713945,26.07913669064748,0.0700185591361565,BBB+,1
2017-02-28,VVC,0.1144452571673238,4.461988304093567,0.6626026074360213,3.474853801169591,0.6188421402028803,0.0864273169137768,0.6951919595910838,2.9749025720966484,13.70864946889226,0.0828102366006759,A-,1
2017-02-28,ALE,0.0833545625923472,3.032716927453769,0.4763454317897372,3.2091038406827885,0.7786546221172238,0.11592147495708,0.6141774009457036,3.8095354523227383,8.411206507004067,0.074342928660826,BBB+,1
2017-02-28,NFX,-0.0662995594713656,-5.6688311688311686,1.3640350877192982,-6.987012987012987,0.1212508194824129,-0.8355978260869565,0.7824675324675324,-8.07641196013289,63.52,0.847953216374269,BB+,0
2017-02-28,XEL,0.0876975462496564,3.422215248868848,0.6891978332285713,2.736538636929265,0.8655495391704118,0.1011422608607967,0.7322129796380668,4.220074562318848,12.516159992084498,0.0260162862025541,A-,1
2017-02-28,GHC,0.0902447305660009,8.576473875384186,2.2425097165799106,5.71053366862252,0.992082975844322,0.0679280709459323,0.4437720380718619,1.240696923527097,35.31217295099124,1.3664350317048064,BB+,0
2017-02-28,HLT,0.1047239393764323,3.4991394148020656,1.1236959761549925,1.5989672977624785,0.3897402795187219,0.0298379490697076,0.7768494143680135,3.9764619345347554,17.28179043743642,0.6274217585692996,BB+,0
2017-02-28,EME,0.1058916974883881,24.880177397639976,1.3512099030675222,15.657242417042845,0.4029112563657724,0.0245085627748782,0.6050655210224515,1.0745651108894252,39.80107111273276,0.3086837053686596,BBB-,0
2017-02-28,KO,0.1320455788411337,13.55163043478261,1.181026684758028,9.86820652173913,0.1508320823523482,0.155913336359076,0.7339291852870402,3.9034158838599486,5.282051282051282,0.836763153927333,AA-,1
2017-02-28,SRI,0.1890532314330485,7.721523020551219,1.6039180544588276,13.340449259200254,0.3817491142588343,0.1112982181882447,0.5131485898375024,1.1667619379574767,7.927331869293132,0.4470716624226992,BB,0
2017-02-28,GEF,0.1347102199823767,3.952564102564103,0.975273058252427,1.9602564102564104,0.509213277453115,0.0225358045492839,0.6861084681255948,2.3552903373881118,8.74408077994429,0.1573118932038835,BB,0
2017-02-28,VFC,0.2027861435796766,17.817829621028185,1.5255813823232889,13.377567824342869,0.2336849864751337,0.0975560951270251,0.4926814457772936,1.1801734356161373,3.70667889639486,0.6877237593816512,A,1
2017-02-28,AES,0.0929161698803601,1.4389460154241644,1.0965477996965098,1.0051413881748072,0.4697315069538723,0.0005888414544383,0.8205376671557906,6.036283185840708,15.328735632183909,0.4516312594840668,BB,0
2017-02-28,TDS,0.0951852885518703,0.3352601156069364,2.1510710259301016,1.2485549132947975,1.5952388449790595,0.0084280674245393,0.497035782341732,2.72271714922049,15.800945598954796,1.0180383314543404,BB,0
2017-02-28,USG,0.126205694363742,2.863013698630137,1.6895734597156398,2.4452054794520546,0.4477290585179889,0.0699370235333112,0.5125355388989403,1.9944751381215469,7.938181818181818,1.1587677725118484,BB+,0
2017-02-28,URI,0.2250841261268747,3.570731707317073,1.0920608108108107,2.3804878048780487,0.3985533879514316,0.0982297813259285,0.8625291958625292,2.8755998523440383,34.07299270072993,0.2635135135135135,BB-,0
2017-02-28,GD,0.1468498049915984,43.525252525252526,0.5170481083605791,31.92929292929293,0.2115840159716179,0.097662105699614,0.666098807495741,0.8162922527818601,2.9828170377541143,0.1816907986921999,A+,1
2017-02-28,CDNS,0.184493301705088,12.552767215885089,1.131492480727916,9.579890156316011,0.1057608068468956,0.1118263867895906,0.6462553435820741,1.6901848864018565,3.3543231813128007,0.7997257335687766,BBB-,0
2017-02-28,ARMK,0.127601346379917,2.964887080614637,0.9696948691347986,2.148412952063575,0.2546853430441965,0.0221455159038502,0.79393148686012,4.07523979203508,22.50248964106509,0.0840388878380144,BB,0
2017-02-28,CNK,0.156254913656021,4.1198194122589165,1.4876326921992216,3.355128193291664,0.31334449993849,0.0873968956048191,0.7044187419731377,3.101622653708912,137.31769709858727,1.2662530317558802,BB,0
2017-02-28,VC,0.0929836995038979,13.555555555555555,1.7091108671789244,7.388888888888889,0.2300449081825857,0.0363808921227459,0.6949009692372524,1.1646341463414631,15.461538461538462,0.9681668496158068,BB-,0
2017-02-28,SHLM,0.1015403154297509,2.561467075830961,1.1101945056692948,-5.712999593300551,0.0798829991945847,-0.1484122436535112,0.8152111095757288,4.496708588053325,6.95397913635792,0.1063691517644118,B+,0
2017-02-28,LEG,0.1979938504964968,12.246192893401016,1.1396829889612228,10.30710659898477,0.1756039402465412,0.0977892743806501,0.6333903019335813,1.6591989137813985,5.397188049209139,0.3989527313897537,BBB+,1
2017-02-28,LSCC,0.0740364360450102,0.2342696905593545,1.4949666772453187,-1.661435529099227,0.3023922961861582,-0.1266795299891817,0.6473647218676121,5.821335374552034,2.08555177217149,0.7417327832434147,B,0
2017-02-28,TRK,0.0840878846203231,5.308076422058185,1.264347054536236,3.861846866406137,1.2656512735561132,0.0772128023492842,0.4674875462987994,2.0520821913517406,33.60042545647934,0.8380813554309133,BB+,0
2017-02-28,A,0.1260388718015837,9.944444444444445,3.2825396825396824,7.416666666666667,0.3056794264626894,0.1099476439790576,0.45578056908485,1.9854620976116304,3.35195530726257,2.422222222222222,BBB+,1
2017-02-28,HOG,0.1440790382692734,6.013988628091369,1.17165497201458,4.4045094142876815,0.1870622727930827,0.1154288081397385,0.8058532452195296,4.753067732032255,5.9128459124130615,0.2857849017767999,A-,1
2017-02-28,LXU,-0.0085288348699799,-1.5726501305483027,1.3156944929561067,-0.9176022628372495,2.37977012475265,-0.2352817117610155,0.4981643865808158,-38.16819599109132,9.074826717076244,0.4991184737953862,CCC,0
2017-02-28,KEM,0.1244196681455564,1.1975566225082326,1.6011521029751186,0.4947839420829038,0.304552885879984,-0.0270062537120497,0.8620721811550535,4.514605752527078,3.213007644474784,0.6024040147217937,B-,0
2017-02-28,MTW,0.0073288098737592,-0.7272727272727273,0.776889534883721,-7.818181818181819,0.7498961015423655,-0.2285041224970554,0.6109500592963499,15.467032967032967,2.5580535279805354,0.1693313953488372,B,0
2017-02-28,CVS,0.138072177717296,9.635197066911092,0.6202666666666666,5.8744271310724105,0.4902326718026992,0.0299561754334576,0.6100654231331117,2.11988911988912,10.162928966308543,0.1317333333333333,BBB+,1
2017-02-28,PAHC,0.204676625708294,5.752428975525766,1.6865859149201925,4.652133808879596,0.0975073470577697,0.0789545052099258,0.8397614345716576,2.9279952655344386,2.930328984693823,0.3448530444086193,B+,0
2017-02-28,PPG,0.1593545440706348,16.203007518796994,1.157075471698113,5.240601503759399,0.2150128350728773,0.0381958553433563,0.6884393430147758,1.6874283530760412,4.960319901568748,0.4403301886792453,A-,1
2017-02-28,NI,0.0776743569051856,2.416784004505773,0.3672151092057239,1.923965080259082,0.9242235633149748,0.0730328324986088,0.7821944264627994,5.628193268341279,5.988748787584869,0.0104281327848907,BBB+,1
2017-02-28,WFM,0.2108352502577933,16.102040816326532,1.1061579146203249,10.081632653061224,0.3360191730988684,0.0281414026433946,0.4879337539432176,0.791196388261851,18.63451536643026,0.6463921420476011,BBB-,0
2017-02-28,BCC,0.1153358337646025,3.6541677786673783,1.0452081415567145,2.7015390089849656,0.6794693736836465,0.0097805924757396,0.5969947130239989,2.8234129032258064,8.305999696935627,0.3323424874705942,BB-,0
2017-02-28,KSU,0.1306058221872541,8.304480651731161,0.6655024180548093,5.868635437881874,0.5940012441070892,0.2048239225430555,0.5004819960306209,2.2116912092815704,8.35593803786575,0.2291778613648576,BBB-,0
2017-02-28,MKSI,0.1556144456503621,6.988900994144083,3.0463548251158867,4.568330382677379,0.4103405577144701,0.080912222409217,0.4386726226154281,2.2574224568959163,3.194343057176196,1.784125579435314,BB,0
2017-02-28,ROK,0.1781677948596013,14.154269972451791,1.990086673889491,11.453168044077136,0.1185905446937717,0.1276921523758245,0.6963951752033285,1.5703978647093169,5.9550653967096565,1.3074756229685809,A,1
2017-02-28,PVH,0.09906648885502,6.48989898989899,1.0506644078564245,5.903198653198653,0.666088644136745,0.07096821355036,0.5661933976577632,3.030027803521779,2.726304013954988,0.4103975858965536,BB+,0
2017-02-28,WNR,0.1002969161271184,2.646776938464753,0.864408967115158,1.9325754635296928,0.4765199921152697,0.0161352916418546,0.5869071938568415,3.3913763320796457,9.77027808316854,0.2880299581317833,B+,0
2017-02-28,SALM,0.0868021787692092,2.30721066451222,1.4010986203372509,1.5973877331178885,1.7011266405977776,0.0323453180762683,0.6377137164813271,5.07661266854205,266.5156749840051,0.0033214103219213,B-,0
2017-02-28,JOY,0.0539874829052244,1.0092171391112612,1.3956733681610842,-0.2682505313760155,0.5105033646770312,-0.0269229147339124,0.5967506714712772,5.22577514854311,1.8734349163295376,0.3601112658627635,BB+,0
2017-02-28,NPO,0.0420341650545919,0.2271914132379249,1.1534653465346534,0.2826475849731663,0.2520361911462486,-0.0337627346973141,0.7681712364200725,11.655226209048363,4.191633691351045,0.367986798679868,BB-,0
2017-02-28,HW,0.1658579371571593,2.9707454211434614,1.649714362094717,2.1658687301675665,0.1721023664015681,0.0413898122858125,0.7364336931925112,3.764361963013185,9.435826155325763,0.5465767038025001,BB-,0
2017-02-28,MOS,0.0698447731738149,2.5237297599106645,1.1285211267605633,2.662758235622557,1.0312766922656658,0.0415759200312726,0.428616387679847,3.1919411469653904,3.796520679618223,0.4557827735644637,BBB-,0
2017-02-28,NTAP,0.0839863149762719,9.452830188679243,2.017605004468275,7.0,0.2977334255677112,0.0588888888888888,0.6818619229606004,2.23784494086728,19.64021164021164,1.7087578194816802,BBB+,1
2017-02-28,RT,-0.0527733944593682,-4.530471050049068,0.8309978546624731,-4.315848871442591,1.8219874109322085,-0.1059874697701356,0.530952781886449,-4.997805458020357,40.86666587393129,0.5159377670308892,B-,0
