gicdesc,public_date,ticker,roa,intcov_ratio,quick_ratio,intcov,bm,npm,debt_assets,debt_ebitda,inv_turn,cash_ratio,long_term_credit_rating,rating,gsector_15.0,gsector_20.0,gsector_25.0,gsector_30.0,gsector_35.0,gsector_40.0,gsector_45.0,gsector_50.0,gsector_55.0
Information Technology,2017-02-28,ON,0.1314063368538077,2.510667584308328,1.2238120590975643,2.253269098417068,0.4012570911387783,0.0466098441219381,0.7287996071861822,5.107586012408348,2.5866561833089974,0.6960601623851991,BB,0,0,0,0,0,0,0,1,0,0
Consumer Discretionary,2017-02-28,TIF,0.1876514849172126,16.285714285714285,1.7416396979503772,10.46734693877551,0.3183151217050825,0.113274291878873,0.4277457492482906,1.142312480547775,0.5708056252044043,1.1446601941747572,BBB+,1,0,0,1,0,0,0,0,0,0
Utilities,2017-02-28,PPL,0.1025304061018347,3.422645739910314,0.4459212926765702,3.132286995515695,0.6014299372652192,0.2530264733271252,0.7416416547044239,4.837647650163357,9.924263674614306,0.088871514203805,A-,1,0,0,0,0,0,0,0,0,1
Utilities,2017-02-28,PEG,0.0816184524193028,5.875324675324675,0.7225274725274725,3.303896103896104,0.9835005868737768,0.0978920648934996,0.6723234339905166,3.720555730975687,6.327428878153516,0.1291208791208791,BBB+,1,0,0,0,0,0,0,0,0,1
Energy,2017-02-28,XEC,-0.0243026850514871,-6.189151215294457,1.7918223726529237,-3.9092492074166585,0.1580361595487199,-0.2962340579710145,0.5179041863037801,-12.915352365741668,32.3314339008883,1.2498774772567158,BBB-,1,0,0,0,0,0,0,0,0,0
Materials,2017-02-28,AVY,0.1822956354556219,9.483464566929134,0.6913635683280945,6.050393700787401,0.1509419849030343,0.0526903803499548,0.7894868528796288,1.662379421221865,8.441571457205853,0.1132564985281645,BBB,1,1,0,0,0,0,0,0,0,0
Energy,2017-02-28,PDCE,0.0409096046969357,-4.289538225425438,1.477670024909638,-2.700335535125863,0.6343131208624867,-0.6422521969627724,0.4153262642776986,7.459521127162272,418.4333333333333,0.9021428201849376,B+,0,0,0,0,0,0,0,0,0,0
Information Technology,2017-02-28,GLW,0.0989264075399496,8.774725274725276,2.7542711741185024,21.302197802197803,0.7079285325900752,0.3935037273695421,0.3562493279329008,1.3975644699140402,3.07843137254902,1.9233006179571064,BBB+,1,0,0,0,0,0,0,1,0,0
Information Technology,2017-02-28,ORCL,0.1380724293835892,8.269981120201384,4.288192723307227,6.5506607929515415,0.2938879707206029,0.2368675475346439,0.5886953353869501,3.1180132278563093,24.856316297010608,3.858002048841744,AA-,1,0,0,0,0,0,0,1,0,0
Industrials,2017-02-28,BECN,0.1099359214319756,4.707610761076108,1.3006834758257582,3.0647864786478647,0.5373477230671975,0.0248576085655674,0.5871910982472531,3.304933559015227,5.681340868419102,0.064504607147124,BB-,0,0,1,0,0,0,0,0,0,0
Materials,2017-02-28,CLW,0.1329864362017628,3.7928805563214167,0.5142038633635273,2.5180590019299696,0.5755823521266346,0.0285652852868086,0.7210346829800599,3.3000791357810795,5.435761542984646,0.0627551020408163,BB,0,1,0,0,0,0,0,0,0,0
Information Technology,2017-02-28,XRX,0.0801638657418183,3.763754045307443,1.321658788139235,2.9935275080906147,0.5509574212053394,0.0571906044007056,0.7214108569853954,3.667828106852497,6.596747055524397,0.4974215728405673,BBB-,1,0,0,0,0,0,0,1,0,0
Materials,2017-02-28,MTX,0.1175000855666222,4.54416961130742,1.909306260575296,3.356890459363957,0.4609776479701048,0.0814407814407814,0.6399734581267025,3.1540926303524617,5.71765322158198,0.6446700507614214,BB,0,1,0,0,0,0,0,0,0,0
Materials,2017-02-28,DD,0.1291753975101689,10.762162162162165,1.2862762729009778,7.781081081081081,0.1603456147823419,0.1013164270715555,0.7448703833450105,1.6290076335877863,2.361804791331584,0.670675508598404,BBB,1,1,0,0,0,0,0,0,0,0
Industrials,2017-02-28,COL,0.163453313153912,15.727272727272728,0.6268354430379747,12.196969696969695,0.181488382765428,0.1398826424380087,0.7259401932619483,1.892109500805153,1.6221968833143292,0.1270886075949367,A-,1,0,1,0,0,0,0,0,0,0
Industrials,2017-02-28,MIC,0.0820798869680784,2.7463675780147607,0.8493998223171281,2.337355579690934,0.5741944411558592,0.0946770388156425,0.583618381340061,5.023965106074792,21.8918457752256,0.2437641678186838,BBB-,1,0,1,0,0,0,0,0,0,0
Industrials,2017-02-28,ROCK,0.1381734795635218,6.849881073734285,1.982963810425544,3.291471287801563,0.3795898964878298,0.0334520194329059,0.4980860227934811,1.67830437915299,7.414470941170488,1.1189377202672135,BB,0,0,1,0,0,0,0,0,0,0
Information Technology,2017-02-28,MU,0.1303157651231831,0.7625,1.3864296081277214,0.3708333333333333,0.6042379049423914,-0.0231968661187495,0.5108119705959178,2.722263313609468,2.628458851974568,0.9114140576404728,BB,0,0,0,0,0,0,0,1,0,0
Health Care,2017-02-28,ABBV,0.1878320422328345,9.785714285714286,1.507310090992741,6.824853228962818,0.1155799668877855,0.2321943989390748,0.929862781585198,3.292403932082216,2.787227315839393,0.6566813209283304,A-,1,0,0,0,0,1,0,0,0,0
Information Technology,2017-02-28,TSS,0.1853234962713917,5.94337978268901,2.392237000806465,4.027935924519007,0.2801093201836013,0.076650383194363,0.6663597320652568,3.5334273058901253,175.81004997051429,1.0118971435912196,BBB-,1,0,0,0,0,0,0,1,0,0
Consumer Staples,2017-02-28,INGR,0.1882829771554901,10.727272727272728,1.4959100204498978,7.298701298701299,0.3023587483366291,0.0805380272334772,0.551193358699412,1.913894324853229,5.460106382978723,0.5276073619631901,BBB,1,0,0,0,1,0,0,0,0,0
Energy,2017-02-28,WMB,0.0740076156695008,1.4658997534921938,0.4489657511020685,0.6516023007395234,0.3802611860415329,-0.0565408721162821,0.7000960819899648,6.62588102621934,24.943396226415093,0.0576466598847066,BB,0,0,0,0,0,0,0,0,0,0
Consumer Discretionary,2017-02-28,GM,0.1060185963816343,4.238652482269504,0.7327338256183891,4.34290780141844,0.8388059701492536,0.0566594542613294,0.8011863412873833,3.8357430993065313,9.647720673635307,0.3100926262899003,BBB,1,0,0,1,0,0,0,0,0,0
Materials,2017-02-28,SHLM,0.1015403154297509,2.561467075830961,1.1101945056692948,-5.712999593300551,0.0798829991945847,-0.1484122436535112,0.8152111095757288,4.496708588053325,6.95397913635792,0.1063691517644118,B+,0,1,0,0,0,0,0,0,0,0
Energy,2017-02-28,WPX,-0.0014089919303189,-3.3399014778325125,1.0605612998522895,-2.0147783251231526,0.692315182011991,-0.8831168831168831,0.522852422907489,-234.0909090909091,10.547368421052632,0.7474150664697193,B+,0,0,0,0,0,0,0,0,0,0
Industrials,2017-02-28,XYL,0.1189470847183541,8.964912280701755,1.0638126009693054,5.56140350877193,0.2861886234946873,0.0689472288517634,0.6590979301822675,3.577039274924472,4.521465968586387,0.2487883683360259,BBB,1,0,1,0,0,0,0,0,0,0
Consumer Discretionary,2017-02-28,LOW,0.215372846740613,9.281055900621118,0.2182474369906205,4.787267080745342,0.1134132330333442,0.0390433655092926,0.7961563685095948,1.9789572443372203,3.880494929584154,0.1722421622479129,A-,1,0,0,1,0,0,0,0,0,0
Industrials,2017-02-28,MWA,0.1317705120296114,4.918032786885246,2.540181464679196,2.905737704918033,0.2473229710617845,0.057785510127998,0.67297461928934,3.029962546816479,2.4831064044377205,0.9870382372002592,BB-,0,0,1,0,0,0,0,0,0,0
Consumer Discretionary,2017-02-28,M,0.1170942034251387,3.646112600536193,0.2931972502214162,2.844504021447721,0.478487418161236,0.0263278738711158,0.8012574308290726,3.144393876706661,2.636359872479609,0.140736367087006,BBB-,1,0,0,1,0,0,0,0,0,0
Consumer Staples,2017-02-28,PEP,0.1766113104676069,9.239713774597496,1.1528743789921931,6.661001788908766,0.1081471363275311,0.1007818595837513,0.8489255217256404,2.9095133091825485,9.520852471063751,0.7629524485450674,A,1,0,0,0,1,0,0,0,0,0
Consumer Discretionary,2017-02-28,ILG,0.1173876149956787,7.666666666666667,1.0578034682080926,10.814814814814817,0.7628467531946491,0.1954277286135693,0.5175544794188862,3.7546468401486974,5.876904666278698,0.4624277456647399,BB+,0,0,0,1,0,0,0,0,0,0
Consumer Discretionary,2017-02-28,CPS,0.1726436688619711,7.039044190485394,1.514116168998949,4.358090313851506,0.3863539327925983,0.0400208356668838,0.710322101118031,1.8428039681255268,18.23039305085547,0.6322473931377429,BB-,0,0,0,1,0,0,0,0,0,0
Consumer Discretionary,2017-02-28,SALM,0.0868021787692092,2.30721066451222,1.4010986203372509,1.5973877331178885,1.7011266405977776,0.0323453180762683,0.6377137164813271,5.07661266854205,266.5156749840051,0.0033214103219213,B-,0,0,0,1,0,0,0,0,0,0
Industrials,2017-02-28,OC,0.1445671582567291,6.944444444444445,0.909657320872274,4.638888888888889,0.6685812585229052,0.0692267042451999,0.49735176333807,1.9231473010064044,5.796159527326441,0.122533748701973,BBB,1,0,1,0,0,0,0,0,0,0
Energy,2017-02-28,CKH,0.0312814373633787,-0.444727816374989,2.0165698515200745,-2.164438777005833,1.0879996060445458,-0.2598085404670361,0.5820636469494512,10.914072163313635,28.781829999277825,1.4046017153715782,B,0,0,0,0,0,0,0,0,0,0
Utilities,2017-02-28,ATO,0.1000608803456595,5.798710287605865,0.3270447368530445,4.078405915480848,0.6959806356414462,0.1398535895405699,0.6494517319012222,3.340703717504262,7.5761995264133075,0.0317589056247112,A,1,0,0,0,0,0,0,0,0,1
Industrials,2017-02-28,DLX,0.2342424678683658,17.050847457627118,0.8451588225671424,11.285265895435389,0.2779161832829588,0.1240531685795284,0.5966878752281011,1.6078126357684948,11.937366355955074,0.1842120456885519,BB,0,0,1,0,0,0,0,0,0,0
Materials,2017-02-28,CRS,0.0700280361354634,2.5901639344262297,1.2229689994119128,0.7278688524590164,0.7660287143946152,-0.0047968560365254,0.5933603644728481,3.161921708185053,2.061202848053325,0.1502142317062925,BBB-,1,1,0,0,0,0,0,0,0,0
Energy,2017-02-28,EEP,0.0907763927216398,2.2208476982356515,0.33596443476683,0.8627053336037315,0.4457179588835243,-0.015105200919253,0.5680587075720179,5.151789976133651,58.68181818181818,0.1209399383052078,BBB,1,0,0,0,0,0,0,0,0,0
Consumer Discretionary,2017-02-28,WWW,0.1040543034677932,6.040229885057472,2.0458495654779743,3.520114942528736,0.5288725106492761,0.0351559368235388,0.5994160463873011,3.234923137564052,3.6376793818226414,1.1081810008990112,BB+,0,0,0,1,0,0,0,0,0,0
Health Care,2017-02-28,MGLN,0.1178147146294707,15.676248405768666,1.15319760259871,8.640439517315805,0.6214315593003549,0.0161010683737712,0.548023539839595,2.3261847619190923,83.30387082665112,0.5863439630324381,BBB-,1,0,0,0,0,1,0,0,0,0
Health Care,2017-02-28,PFE,0.1183101083831011,11.468323977546111,1.0337779206170656,6.773055332798717,0.45788157051152,0.136282750265031,0.6513125309559188,2.09821517598963,1.4227756015668718,0.5736782902137233,AA,1,0,0,0,0,1,0,0,0,0
Utilities,2017-02-28,CNP,0.0966105229015592,2.194508009153318,0.8477272727272728,1.988558352402746,0.8219917134942804,0.0573857598299681,0.8414952586009437,4.120863309352518,16.51896813353566,0.4201298701298701,A-,1,0,0,0,0,0,0,0,0,1
Industrials,2017-02-28,DOV,0.1215324453982476,5.7020256449732765,0.8857847012706164,4.730852413105476,0.3872431556771445,0.0748993795131302,0.6243822280980676,3.19263399856478,4.689592693120877,0.1799426691913387,A-,1,0,1,0,0,0,0,0,0,0
Information Technology,2017-02-28,LRCX,0.143900397141409,9.363511335553884,3.0689728654351627,8.156018767236132,0.3725791628702608,0.1567075563832287,0.4628238723906513,2.1426805332636585,3.388507290693138,2.464556646919553,BBB,1,0,0,0,0,0,0,1,0,0
Health Care,2017-02-28,PKI,0.0961985214221806,7.371628780581777,1.5630665197106182,6.194230398767097,0.3851405185899119,0.1019637280154213,0.4964391796165392,2.576762923509176,3.8995727973825662,0.5954454674279652,BBB,1,0,0,0,0,1,0,0,0,0
Utilities,2017-02-28,BKH,0.1010274421725288,2.688179669030733,0.6811559064424965,1.5227451823196505,0.6566732628240669,0.0463898322540614,0.7337972669245565,5.872079052111872,10.390650672407844,0.0300303827008023,BBB,1,0,0,0,0,0,0,0,0,1
Materials,2017-02-28,CCK,0.1358886793414547,4.309523809523809,0.5511049723756906,2.9682539682539684,0.0774003410076746,0.0598744567841622,0.9304094176476716,3.68417104276069,5.356387306753458,0.1930248618784531,BB,0,1,0,0,0,0,0,0,0,0
Materials,2017-02-28,AA,0.0668395970320323,1.466165413533835,0.7164126196384261,-0.5037593984962406,1.1007061479644038,-0.042927666881305,0.5402305716504391,1.3041516245487366,6.773584905660377,0.3023750443105282,BB-,0,1,0,0,0,0,0,0,0,0
Information Technology,2017-02-28,XLNX,0.1541845548213781,12.692023433979273,3.769794155809624,12.070229833258225,0.1866424466060579,0.2657447630685828,0.4734535052028664,2.0990494588575497,3.359041871759449,3.3954017553193747,A-,1,0,0,0,0,0,0,1,0,0
Health Care,2017-02-28,THC,0.0943306533286485,1.4305694305694303,1.2223599405057015,0.8131868131868132,0.4704800026260355,-0.0095306049640691,0.8593174365410308,6.684925503943909,54.61102362204724,0.1774913237481408,B,0,0,0,0,0,1,0,0,0,0
Consumer Staples,2017-02-28,TSN,0.1669168948158615,12.825,0.7260558921949896,8.916666666666666,0.5490245314734199,0.0514751700035219,0.5666826724436355,1.638425925925926,10.94829097283085,0.1014741792529619,BBB,1,0,0,0,1,0,0,0,0,0
Utilities,2017-02-28,OGS,0.0861458938849826,5.684953209826992,0.922227002723384,3.9593992268531233,0.8752481757977645,0.0981585334409542,0.6179729225856404,3.23878493470138,6.055529352764527,0.0330297589951636,A-,1,0,0,0,0,0,0,0,0,1
Information Technology,2017-02-28,KLAC,0.2579610532679603,9.627480916030535,3.108818736018327,8.013724216339126,0.0782630559318106,0.2649975668592111,0.8531747880321983,2.4393633933087653,1.6420677014859577,2.3591555453909487,BBB,1,0,0,0,0,0,0,1,0,0
Industrials,2017-02-28,TPC,0.0666197173861204,3.3776052992539563,1.3206091341149733,2.602857047271754,1.2221643244686873,0.0192681551619158,0.6154570125438888,2.821613127324197,5.1221927909080085,0.1294367201402554,BB-,0,0,1,0,0,0,0,0,0,0
Industrials,2017-02-28,CR,0.1384424485937131,10.895890410958904,1.8686635944700465,4.364383561643836,0.2765866117500445,0.0446870451237263,0.6657817969661611,1.590482287665386,4.6911314984709485,0.9786866359447004,BBB,1,0,1,0,0,0,0,0,0,0
Industrials,2017-02-28,CSX,0.1331384043262885,5.853195164075993,1.0196078431372548,3.9602763385146806,0.6379404572554497,0.1548468696359201,0.6697916078387078,2.4078891257995734,16.85336856010568,0.5,BBB+,1,0,1,0,0,0,0,0,0,0
Consumer Discretionary,2017-02-28,BBBY,0.2255388645392227,15.59005439005439,0.4765877711559098,10.322999222999222,0.3882322463153198,0.0594991857232765,0.6190671025485347,1.074137855139121,2.527432356239584,0.2658123179518626,BBB+,1,0,0,1,0,0,0,0,0,0
Industrials,2017-02-28,URI,0.2250841261268747,3.570731707317073,1.0920608108108107,2.3804878048780487,0.3985533879514316,0.0982297813259285,0.8625291958625292,2.8755998523440383,34.07299270072993,0.2635135135135135,BB-,0,0,1,0,0,0,0,0,0,0
Utilities,2017-02-28,XEL,0.0876975462496564,3.422215248868848,0.6891978332285713,2.736538636929265,0.8655495391704118,0.1011422608607967,0.7322129796380668,4.220074562318848,12.516159992084498,0.0260162862025541,A-,1,0,0,0,0,0,0,0,0,1
Consumer Staples,2017-02-28,COST,0.1478109360518999,28.705426356589147,0.4218377798951882,19.72093023255814,0.1815472380971132,0.0201926453619625,0.6502912707052282,1.0391252006420546,10.908780812791472,0.3233831586469748,A+,1,0,0,0,1,0,0,0,0,0
Information Technology,2017-02-28,MTSI,0.1306841677927902,2.5891465633894826,4.223079274745432,1.513788437310438,0.189782166061538,0.0189741451209341,0.5745486502675173,3.666074861694197,2.0167854091993904,2.6656368318321846,B+,0,0,0,0,0,0,0,1,0,0
Industrials,2017-02-28,HSC,0.1413316622466643,2.400741195822351,0.9113339284128668,-0.7110129015636456,0.0907225004127001,-0.0594918906329351,0.9130111180951394,2.5533352445742707,4.885381862754789,0.1679596405221122,BB-,0,0,1,0,0,0,0,0,0,0
Financials,2017-02-28,DFIN,0.1776788199276371,9.5327868852459,1.64247311827957,5.844262295081967,0.1483018041828851,0.0600915099135739,0.886505261007253,3.677944862155389,26.738660907127432,0.1946236559139785,BB-,0,0,0,0,0,0,1,0,0,0
Consumer Discretionary,2017-02-28,GPI,0.0944253535495546,3.210467521360062,0.2429340363944188,2.283480097396647,0.6543776719098904,0.0135075533551342,0.7915239304843695,6.512582945795623,5.48302821069128,0.0102244538426207,BB+,0,0,0,1,0,0,0,0,0,0
Materials,2017-02-28,FOE,0.1261159290906772,5.158340663919626,1.4314282578741362,3.0207879994444187,0.2285147586107229,0.0381099317903207,0.8013412070240051,3.6309252938945766,3.633793986510763,0.1852723481569096,BB-,0,1,0,0,0,0,0,0,0,0
Materials,2017-02-28,EXP,0.1876274617953147,13.531152408744177,1.396172830449682,11.296984590180722,0.2785091729457544,0.1697753587650429,0.4305202039388393,1.3638321063037588,3.426551879596825,0.4082558712260146,BBB,1,1,0,0,0,0,0,0,0,0
Health Care,2017-02-28,SCMP,0.2259701114073977,3.531837885610875,8.771413557540725,1.7780396447960944,0.3203053363989844,0.080358695274194,0.6791808021871898,2.629032695944906,1.2081853363727937,6.136471824673117,B,0,0,0,0,0,1,0,0,0,0
Industrials,2017-02-28,ROP,0.1060912514332495,9.51033085631818,1.103286440199492,6.9040059520074575,0.3742897237541593,0.1737883995065865,0.5958886910907121,4.779279313948996,6.556484320370071,0.5239152214946391,BBB,1,0,1,0,0,0,0,0,0,0
Materials,2017-02-28,VMC,0.1158486617893751,4.8510074605776285,2.126470809469058,3.984273441474029,0.3185157627831769,0.1175744927097335,0.4602503106011644,2.040910031279237,6.660738080148523,0.7200089188811639,BBB,1,1,0,0,0,0,0,0,0,0
Industrials,2017-02-28,BGC,0.0903510821315549,1.433519553072626,0.9222061924314726,-0.0480446927374301,0.2973753121417819,-0.024310595065312,0.924652034261242,4.412787964268924,4.214847715736041,0.1121962046387748,B,0,0,1,0,0,0,0,0,0,0
Information Technology,2017-02-28,HPE,0.0934084710063436,11.408536585365852,1.204695752518752,10.63719512195122,0.8437208210100177,0.0630648604433094,0.6044378066993813,2.1471331648263936,16.358006042296072,0.5764058408415073,BBB,1,0,0,0,0,0,0,1,0,0
Communication Services,2017-02-28,TDS,0.0951852885518703,0.3352601156069364,2.1510710259301016,1.2485549132947975,1.5952388449790595,0.0084280674245393,0.497035782341732,2.72271714922049,15.800945598954796,1.0180383314543404,BB,0,0,0,0,0,0,0,0,1,0
Industrials,2017-02-28,KSU,0.1306058221872541,8.304480651731161,0.6655024180548093,5.868635437881874,0.5940012441070892,0.2048239225430555,0.5004819960306209,2.2116912092815704,8.35593803786575,0.2291778613648576,BBB-,1,0,1,0,0,0,0,0,0,0
Consumer Discretionary,2017-02-28,TWX,0.1292156470026345,5.560518731988473,1.1772647634752138,3.820605187319885,0.3624876478036574,0.1335357118493758,0.6306278992208108,2.901991176821271,8.332896461336828,0.1586107389467175,BBB,1,0,0,1,0,0,0,0,0,0
Industrials,2017-02-28,CBPX,0.2094021709357563,6.4120676968359085,2.206056806674061,4.23944076526858,0.3574635079724266,0.0954191276076943,0.5131744988964142,1.9909557053802345,11.073262103633478,1.2426098278439506,BB-,0,0,1,0,0,0,0,0,0,0
Industrials,2017-02-28,AYI,0.2160758199552375,15.50595238095238,1.5273704995168678,10.05059523809524,0.1637987017914108,0.0892862385859831,0.4280562822597753,0.6049872122762148,6.221404682274247,0.5989581145233793,BBB,1,0,1,0,0,0,0,0,0,0
Consumer Staples,2017-02-28,BETR,0.1307539171214089,3.085072932133811,1.015707242321274,2.1919381605380384,0.1639098374757036,0.1007824645232284,0.9382825920977286,7.557067955963211,11.025479484827942,0.1719468319008595,B,0,0,0,0,1,0,0,0,0,0
Industrials,2017-02-28,MTZ,0.1448378814857082,5.490006701620215,1.5374647317229968,3.5872787479796586,0.4038035999221777,0.025563893374164,0.653286762848666,2.313655582992254,44.06214353022864,0.0461517399016655,BB,0,0,1,0,0,0,0,0,0,0
Materials,2017-02-28,CC,0.1234827642013271,2.021097046413502,1.0084697910784868,1.029535864978903,0.0575160585889215,0.0012962962962962,0.9828382838283828,4.644823066841416,4.60149511213341,0.5093167701863354,BB-,0,1,0,0,0,0,0,0,0,0
Consumer Staples,2017-02-28,KO,0.1320455788411337,13.55163043478261,1.181026684758028,9.86820652173913,0.1508320823523482,0.155913336359076,0.7339291852870402,3.9034158838599486,5.282051282051282,0.836763153927333,AA-,1,0,0,0,1,0,0,0,0,0
Industrials,2017-02-28,EME,0.1058916974883881,24.880177397639976,1.3512099030675222,15.657242417042845,0.4029112563657724,0.0245085627748782,0.6050655210224515,1.0745651108894252,39.80107111273276,0.3086837053686596,BBB-,1,0,1,0,0,0,0,0,0,0
Materials,2017-02-28,UFS,0.1121396455964031,4.056338028169014,1.0743691899070384,2.8028169014084505,1.3541567435693838,0.0251078854452726,0.5288732394366197,2.0330188679245285,5.2918032786885245,0.1660026560424967,BBB-,1,1,0,0,0,0,0,0,0,0
Consumer Discretionary,2017-02-28,ISCA,0.0988116257134401,6.860892879411398,3.2850038817432177,5.759820426487092,1.1005434782608696,0.1158187633132863,0.3554628888091096,1.23860107167599,409.15192190359977,2.766812144610672,BBB,1,0,0,1,0,0,0,0,0,0
Consumer Discretionary,2017-02-28,SBUX,0.3657208497434061,44.10835214446953,0.7354936547210471,33.527088036117384,0.0716481056797569,0.1329577906649504,0.5884013352980105,0.6825718947583113,11.781109790236608,0.4659190677627903,A,1,0,0,1,0,0,0,0,0,0
Energy,2017-02-28,OKE,0.1055965354542312,2.6570791392672857,0.4331573895169071,1.7373157699659754,0.1498577092259435,0.0396920322468477,0.7875352931586836,5.661295158506764,17.76793896495678,0.0877339557464815,BB+,0,0,0,0,0,0,0,0,0,0
Utilities,2017-02-28,VVC,0.1144452571673238,4.461988304093567,0.6626026074360213,3.474853801169591,0.6188421402028803,0.0864273169137768,0.6951919595910838,2.9749025720966484,13.70864946889226,0.0828102366006759,A-,1,0,0,0,0,0,0,0,0,1
Materials,2017-02-28,HUN,0.1074227997264454,2.7545454545454544,1.2435320584926883,2.5,0.3800494356953251,0.0341721031376203,0.8403525954946132,4.109696376101861,4.982872200263505,0.2390326209223847,BB-,0,1,0,0,0,0,0,0,0,0
Consumer Staples,2017-02-28,TWNK,0.1145600182632992,2.514582369877523,1.163510574832092,1.787776169946146,0.9794482420613452,0.0725783618706242,0.5676061451768537,5.441495007256266,26.41131257390619,0.2584050189557955,B+,0,0,0,0,1,0,0,0,0,0
Materials,2017-02-28,SON,0.161669355667144,7.609299895506791,1.2159662902309447,5.988401253918496,0.3045661983669312,0.0598873857722036,0.603715382558588,1.6395107988064312,9.6011694626248,0.3204845156338773,BBB+,1,1,0,0,0,0,0,0,0,0
Materials,2017-02-28,WOR,0.1392489274354046,6.280266286257728,1.412358435476494,7.356094468220004,0.257088820058235,0.0709222943814819,0.5537444480113459,2.0681131484810007,6.647343439505754,0.268285807158699,BBB,1,1,0,0,0,0,0,0,0,0
Industrials,2017-02-28,FLR,0.1055508147799583,9.517183486633474,1.0673349180522478,5.03795433999627,0.4272988204035625,0.0147821621855879,0.6481462373067539,1.7996751976031204,12.36910109274614,0.5140089344184753,A-,1,0,1,0,0,0,0,0,0,0
Industrials,2017-02-28,CAT,0.0754955907598514,2.4819494584837547,0.8936552885351293,0.9395306859205776,0.2458875715493397,-0.0017385888886005,0.8231286142642964,6.360539512363825,2.852134978704816,0.2827185060462268,A,1,0,1,0,0,0,0,0,0,0
Information Technology,2017-02-28,AVT,0.0627026949657979,5.848819020044111,1.5728663197032389,3.72045121109956,0.7734647287472171,0.0170287618260696,0.5938839124533725,3.97545718614731,5.26613298250702,0.2554649782029584,BBB-,1,0,0,0,0,0,0,1,0,0
Consumer Discretionary,2017-02-28,PERY,0.0883146800028464,5.158351120597652,1.784345968831807,-0.6241995731056567,1.180849419466323,-0.0139738702972331,0.4879662826903616,2.5210808379867333,3.772383266764191,0.3855150123330781,B,0,0,0,1,0,0,0,0,0,0
Industrials,2017-02-28,TKR,0.1396204632368858,7.378612716763006,1.453943008614977,5.410404624277456,0.4159017030569816,0.0571578395385422,0.5265199579451111,1.7033591731266151,3.3737373737373737,0.3605036447978794,BBB,1,0,1,0,0,0,0,0,0,0
Materials,2017-02-28,HL,0.1057671082518686,3.2278397726076427,1.9874568559774084,2.830376881777029,0.7693477598274957,0.1076650612966498,0.3760347635871157,2.1115072079563326,7.113294616229791,1.5601976780671478,B-,0,1,0,0,0,0,0,0,0,0
Energy,2017-02-28,GPRE,0.0809383608893057,1.809804182256747,0.9721806684976452,1.2025222692826347,0.9385379059175576,0.0031261718013615,0.6093380708974934,6.177189522822732,8.066323256946575,0.5986929906243591,B,0,0,0,0,0,0,0,0,0,0
Energy,2017-02-28,RRC,-0.0037715850314889,-3.498338416174731,0.3759793240760375,-2.0995701877976143,0.7479757245020902,-0.4744018204929198,0.5206301582708052,-110.05357559496034,41.55454965357968,0.000446877761854,BB+,0,0,0,0,0,0,0,0,0,0
Utilities,2017-02-28,MSEX,0.0886857894085981,7.6765539391649344,0.4807463447806868,5.296618174948044,0.4162370848204354,0.1711134185063127,0.6438457110331027,2.857995807441791,23.74604123095309,0.0824336960217613,A,1,0,0,0,0,0,0,0,0,1
Consumer Discretionary,2017-02-28,AAP,0.1367117907683823,14.150812446549567,0.2303823183931865,8.55907506085126,0.2702339289291776,0.0480390280652183,0.6492867797397799,0.9278103425122308,1.1876200792505407,0.0367726628012815,BBB-,1,0,0,1,0,0,0,0,0,0
Materials,2017-02-28,VAL,0.1576706001592703,6.4330057420494695,0.8871648417626519,4.898409893992933,0.1650008113235587,0.0842466577195558,0.7419376296485148,2.613004797272974,5.493222568452545,0.1387061351534973,BB,0,1,0,0,0,0,0,0,0,0
Consumer Staples,2017-02-28,DPS,0.1752411575562701,10.147887323943662,2.411037107516651,6.964788732394366,0.177432571647706,0.1315217391304348,0.7820447349606782,2.7388379204892965,12.102189781021895,1.7002854424357754,BBB+,1,0,0,0,1,0,0,0,0,0
Information Technology,2017-02-28,IBM,0.1437852301888448,9.940397350993376,1.1670572019297036,10.835264900662253,0.1189201861144313,0.1486611611611612,0.8434323657103941,2.5729452681676737,23.950386597938145,0.235065472088215,AA-,1,0,0,0,0,0,0,1,0,0
Information Technology,2017-02-28,CDNS,0.184493301705088,12.552767215885089,1.131492480727916,9.579890156316011,0.1057608068468956,0.1118263867895906,0.6462553435820741,1.6901848864018565,3.3543231813128007,0.7997257335687766,BBB-,1,0,0,0,0,0,0,1,0,0
Utilities,2017-02-28,SCG,0.0850138063760354,3.193905817174515,0.5883777239709443,2.6481994459833795,0.7528854880653707,0.1407617695765318,0.6939648260009622,4.875984251968504,8.965174129353233,0.100726392251816,BBB+,1,0,0,0,0,0,0,0,0,1
Consumer Discretionary,2017-02-28,TOWR,0.1534865139906309,5.098529003608105,0.970819765557535,3.571329447682487,0.3697111279343543,0.0290477681027946,0.8159700926347264,2.138698170380883,22.58381515072747,0.1365761133189335,BB-,0,0,0,1,0,0,0,0,0,0
Consumer Discretionary,2017-02-28,FL,0.3042028018679119,81.91666666666667,2.0252403846153846,53.75,0.2979267117193937,0.0826370757180156,0.3035559410234172,0.1131578947368421,3.860438512869399,1.5596955128205128,BB+,0,0,0,1,0,0,0,0,0,0
Materials,2017-02-28,WLK,0.1388149346163388,9.32057288478873,1.3584980935403517,5.438621871557182,0.716796605172334,0.0785858452915363,0.6426120678739051,3.3509046410267853,5.889424851841056,0.5240376203529253,BBB,1,1,0,0,0,0,0,0,0,0
Industrials,2017-02-28,R,0.1596650209464788,3.739832119207538,0.5917357627479188,2.790006966849969,0.939989301735572,0.0389922828755747,0.8117602697521127,3.08786007452642,63.12724571119817,0.0359154368319143,BBB+,1,0,1,0,0,0,0,0,0,0
Materials,2017-02-28,OLN,0.0899338656521643,1.567079463364293,0.992629525254715,0.979876160990712,0.7803547491981622,-0.0007026267430548,0.7406021043982379,4.4485981308411215,6.710550319245972,0.1999783221331021,BB,0,1,0,0,0,0,0,0,0,0
Information Technology,2017-02-28,MSFT,0.1650227484264858,14.664029214850885,2.4052111372091827,12.449786975045647,0.1456086931358519,0.211610929256797,0.6481050133075427,2.0755632336236274,10.5670482420278,2.050958389768032,AAA,1,0,0,0,0,0,0,1,0,0
Information Technology,2017-02-28,TXN,0.3514283089923762,59.8,2.5030918727915195,45.9375,0.1445575198394725,0.268885564697083,0.3626072667518714,0.628855201254574,2.5820166618787703,1.5415194346289751,A+,1,0,0,0,0,0,0,1,0,0
Industrials,2017-02-28,KTOS,0.0174955451158269,-0.1902017291066282,1.6167938931297712,-0.7406340057636885,0.5367320637923509,-0.0903245102437565,0.7086232342399326,26.666666666666668,9.117117117117116,0.3541984732824427,B-,0,0,1,0,0,0,0,0,0,0
Utilities,2017-02-28,PNM,0.0780575442725911,2.0480281140179617,0.3788460678567347,1.8647639115027297,0.957714271659329,0.0861197504532444,0.728576837251278,5.501620833718268,12.475426064538183,0.0532624194518002,BBB+,1,0,0,0,0,0,0,0,0,1
Industrials,2017-02-28,BEAV,0.1812931961296268,5.560922063666301,0.7113522342783803,4.414928649835346,0.056193155172823,0.106072487981179,0.93575858283137,3.451372416130125,1.4598434575463672,0.2356784505891961,BB+,0,0,1,0,0,0,0,0,0,0
Materials,2017-02-28,RFP,0.0581381664116747,1.0789473684210529,1.094218415417559,-1.131578947368421,3.528089419894678,-0.0228490832157969,0.5999532382511106,3.08502024291498,5.668766876687669,0.0749464668094218,BB-,0,1,0,0,0,0,0,0,0,0
Materials,2017-02-28,KALU,0.1505049005049005,7.185344827586206,2.707272727272727,4.9525862068965525,0.5892192465054067,0.0689162783706598,0.4425355039833737,1.8209176122348296,4.755130597014926,1.7363636363636363,BB,0,1,0,0,0,0,0,0,0,0
